{
	"__comment": "Designed by Energyxxer with Cubik Studio - https://cubik.studio",
	"textures": {
		"texture": "custom/physics_gun",
		"particle": "#texture"
	},
	"elements": [
		{
			"__comment": "Cube1",
			"from": [ 7, 7, 4 ],
			"to": [ 9, 9, 12 ],
			"faces": {
				"down": { "uv": [ 0, 0, 8, 1 ], "texture": "#texture", "rotation": 270 },
				"up": { "uv": [ 0, 1, 8, 0 ], "texture": "#texture", "rotation": 90 },
				"north": { "uv": [ 0, 0, 1, 2 ], "texture": "#texture" },
				"south": { "uv": [ 1, 0, 0, 2 ], "texture": "#texture" },
				"west": { "uv": [ 0, 0, 8, 2 ], "texture": "#texture" },
				"east": { "uv": [ 8, 0, 0, 2 ], "texture": "#texture" }
			}
		},
		{
			"__comment": "Cube1",
			"from": [ 9, 7.5, 4 ],
			"to": [ 10.5, 8.5, 12 ],
			"faces": {
				"down": { "uv": [ 0, 0, 1.5, 8 ], "texture": "#texture" },
				"up": { "uv": [ 0, 0, 1.5, 8 ], "texture": "#texture" },
				"north": { "uv": [ 0, 0, 1.5, 1 ], "texture": "#texture" },
				"south": { "uv": [ 0, 0, 1.5, 1 ], "texture": "#texture" },
				"west": { "uv": [ 0, 0, 8, 1 ], "texture": "#texture" },
				"east": { "uv": [ 0, 0, 8, 1 ], "texture": "#texture" }
			}
		},
		{
			"__comment": "Cube1",
			"from": [ 6.5, 6, 4 ],
			"to": [ 7.5, 7.5, 12 ],
			"rotation": { "origin": [ 7, 7, 4 ], "axis": "z", "angle": -45 },
			"faces": {
				"down": { "uv": [ 0, 0, 1, 8 ], "texture": "#texture", "rotation": 180 },
				"up": { "uv": [ 0, 0, 1, 8 ], "texture": "#texture", "rotation": 180 },
				"north": { "uv": [ 0, 0, 1, 1.5 ], "texture": "#texture", "rotation": 180 },
				"south": { "uv": [ 0, 0, 1, 1.5 ], "texture": "#texture", "rotation": 180 },
				"west": { "uv": [ 8, 1.5, 0, 0 ], "texture": "#texture" },
				"east": { "uv": [ 8, 1.5, 0, 0 ], "texture": "#texture" }
			}
		},
		{
			"__comment": "Cube1",
			"from": [ 7.5, 5.5, 4 ],
			"to": [ 8.5, 7, 12 ],
			"faces": {
				"down": { "uv": [ 0, 0, 1, 8 ], "texture": "#texture" },
				"up": { "uv": [ 0, 0, 1, 8 ], "texture": "#texture" },
				"north": { "uv": [ 0, 0, 1, 1.5 ], "texture": "#texture" },
				"south": { "uv": [ 0, 0, 1, 1.5 ], "texture": "#texture" },
				"west": { "uv": [ 0, 0, 8, 1.5 ], "texture": "#texture" },
				"east": { "uv": [ 0, 0, 8, 1.5 ], "texture": "#texture" }
			}
		},
		{
			"__comment": "Cube1",
			"from": [ 5.5, 7.5, 4 ],
			"to": [ 7, 8.5, 12 ],
			"faces": {
				"down": { "uv": [ 0, 0, 1.5, 8 ], "texture": "#texture" },
				"up": { "uv": [ 0, 0, 1.5, 8 ], "texture": "#texture" },
				"north": { "uv": [ 0, 0, 1.5, 1 ], "texture": "#texture" },
				"south": { "uv": [ 0, 0, 1.5, 1 ], "texture": "#texture" },
				"west": { "uv": [ 0, 0, 8, 1 ], "texture": "#texture" },
				"east": { "uv": [ 0, 0, 8, 1 ], "texture": "#texture" }
			}
		},
		{
			"__comment": "Cube1",
			"from": [ 7.5, 9, 4 ],
			"to": [ 8.5, 10.5, 12 ],
			"faces": {
				"down": { "uv": [ 0, 0, 1, 8 ], "texture": "#texture" },
				"up": { "uv": [ 0, 0, 1, 8 ], "texture": "#texture" },
				"north": { "uv": [ 0, 0, 1, 1.5 ], "texture": "#texture" },
				"south": { "uv": [ 0, 0, 1, 1.5 ], "texture": "#texture" },
				"west": { "uv": [ 0, 0, 8, 1.5 ], "texture": "#texture" },
				"east": { "uv": [ 0, 0, 8, 1.5 ], "texture": "#texture" }
			}
		},
		{
			"__comment": "Cube1",
			"from": [ 6.5, 8.5, 4 ],
			"to": [ 7.5, 10, 12 ],
			"rotation": { "origin": [ 7, 9, 4 ], "axis": "z", "angle": 45 },
			"faces": {
				"down": { "uv": [ 0, 0, 1, 8 ], "texture": "#texture" },
				"up": { "uv": [ 0, 0, 1, 8 ], "texture": "#texture" },
				"north": { "uv": [ 0, 0, 1, 1.5 ], "texture": "#texture" },
				"south": { "uv": [ 0, 0, 1, 1.5 ], "texture": "#texture" },
				"west": { "uv": [ 0, 0, 8, 1.5 ], "texture": "#texture" },
				"east": { "uv": [ 0, 0, 8, 1.5 ], "texture": "#texture" }
			}
		},
		{
			"__comment": "Cube1",
			"from": [ 8.5, 6.5, 4 ],
			"to": [ 10, 7.5, 12 ],
			"rotation": { "origin": [ 9, 7, 4 ], "axis": "z", "angle": -45 },
			"faces": {
				"down": { "uv": [ 0, 0, 8, 1.5 ], "texture": "#texture", "rotation": 90 },
				"up": { "uv": [ 8, 1.5, 0, 0 ], "texture": "#texture", "rotation": 270 },
				"north": { "uv": [ 1, 1.5, 0, 0 ], "texture": "#texture", "rotation": 90 },
				"south": { "uv": [ 1, 1.5, 0, 0 ], "texture": "#texture", "rotation": 270 },
				"west": { "uv": [ 1, 8, 0, 0 ], "texture": "#texture", "rotation": 270 },
				"east": { "uv": [ 0, 0, 1, 8 ], "texture": "#texture", "rotation": 90 }
			}
		},
		{
			"__comment": "Cube1",
			"from": [ 8.5, 8.5, 4 ],
			"to": [ 9.5, 10, 12 ],
			"rotation": { "origin": [ 9, 9, 4 ], "axis": "z", "angle": -45 },
			"faces": {
				"down": { "uv": [ 0, 0, 1, 8 ], "texture": "#texture" },
				"up": { "uv": [ 0, 0, 1, 8 ], "texture": "#texture" },
				"north": { "uv": [ 0, 0, 1, 1.5 ], "texture": "#texture" },
				"south": { "uv": [ 0, 0, 1, 1.5 ], "texture": "#texture" },
				"west": { "uv": [ 0, 0, 8, 1.5 ], "texture": "#texture" },
				"east": { "uv": [ 0, 0, 8, 1.5 ], "texture": "#texture" }
			}
		},
		{
			"__comment": "Cube11",
			"from": [ 6.5, 5.8787, 12 ],
			"to": [ 8.62132, 8, 12.25 ],
			"rotation": { "origin": [ 6.5, 8, 12 ], "axis": "z", "angle": -45 },
			"faces": {
				"down": { "uv": [ 15, 13, 16, 16 ], "texture": "#texture", "rotation": 90 },
				"up": { "uv": [ 16, 16, 15, 13 ], "texture": "#texture", "rotation": 270 },
				"north": { "uv": [ 16, 16, 10, 13 ], "texture": "#texture", "rotation": 90 },
				"south": { "uv": [ 16, 16, 10, 13 ], "texture": "#texture", "rotation": 270 },
				"west": { "uv": [ 16, 16, 10, 15 ], "texture": "#texture", "rotation": 270 },
				"east": { "uv": [ 10, 15, 16, 16 ], "texture": "#texture", "rotation": 90 }
			}
		},
		{
			"__comment": "Cube11",
			"from": [ 9.5, 6.5, 12 ],
			"to": [ 11, 9.5, 12.25 ],
			"faces": {
				"down": { "uv": [ 10, 15, 16, 16 ], "texture": "#texture" },
				"up": { "uv": [ 10, 15, 16, 16 ], "texture": "#texture" },
				"north": { "uv": [ 10, 13, 16, 16 ], "texture": "#texture" },
				"south": { "uv": [ 10, 13, 16, 16 ], "texture": "#texture" },
				"west": { "uv": [ 15, 13, 16, 16 ], "texture": "#texture" },
				"east": { "uv": [ 15, 13, 16, 16 ], "texture": "#texture" }
			}
		},
		{
			"__comment": "Cube11",
			"from": [ 6.5, 9.5, 12 ],
			"to": [ 9.5, 11, 12.25 ],
			"faces": {
				"down": { "uv": [ 10, 15, 16, 16 ], "texture": "#texture" },
				"up": { "uv": [ 10, 15, 16, 16 ], "texture": "#texture" },
				"north": { "uv": [ 10, 13, 16, 16 ], "texture": "#texture" },
				"south": { "uv": [ 10, 13, 16, 16 ], "texture": "#texture" },
				"west": { "uv": [ 15, 13, 16, 16 ], "texture": "#texture" },
				"east": { "uv": [ 15, 13, 16, 16 ], "texture": "#texture" }
			}
		},
		{
			"__comment": "Cube11",
			"from": [ 9.5, 8.878699, 12 ],
			"to": [ 11.62132, 11, 12.25 ],
			"rotation": { "origin": [ 9.5, 11, 12 ], "axis": "z", "angle": -45 },
			"faces": {
				"down": { "uv": [ 15, 13, 16, 16 ], "texture": "#texture", "rotation": 90 },
				"up": { "uv": [ 16, 16, 15, 13 ], "texture": "#texture", "rotation": 270 },
				"north": { "uv": [ 16, 16, 10, 13 ], "texture": "#texture", "rotation": 90 },
				"south": { "uv": [ 16, 16, 10, 13 ], "texture": "#texture", "rotation": 270 },
				"west": { "uv": [ 16, 16, 10, 15 ], "texture": "#texture", "rotation": 270 },
				"east": { "uv": [ 10, 15, 16, 16 ], "texture": "#texture", "rotation": 90 }
			}
		},
		{
			"__comment": "Cube11",
			"from": [ 9.5, 6.6213, 12.25 ],
			"to": [ 11.6213, 7.1213, 12.75 ],
			"rotation": { "origin": [ 9.5, 5, 12.25 ], "axis": "z", "angle": 45 },
			"faces": {
				"down": { "uv": [ 15, 8, 16, 11 ], "texture": "#texture", "rotation": 90 },
				"up": { "uv": [ 16, 11, 15, 8 ], "texture": "#texture", "rotation": 270 },
				"north": { "uv": [ 16, 11, 10, 8 ], "texture": "#texture", "rotation": 90 },
				"south": { "uv": [ 16, 11, 10, 8 ], "texture": "#texture", "rotation": 270 },
				"west": { "uv": [ 16, 9, 10, 8 ], "texture": "#texture", "rotation": 270 },
				"east": { "uv": [ 10, 8, 16, 9 ], "texture": "#texture", "rotation": 90 }
			}
		},
		{
			"__comment": "Cube11",
			"from": [ 9.5, 5.8787, 12 ],
			"to": [ 11.62132, 8, 12.25 ],
			"rotation": { "origin": [ 9.5, 8, 12 ], "axis": "z", "angle": -45 },
			"faces": {
				"down": { "uv": [ 15, 13, 16, 16 ], "texture": "#texture", "rotation": 90 },
				"up": { "uv": [ 16, 16, 15, 13 ], "texture": "#texture", "rotation": 270 },
				"north": { "uv": [ 16, 16, 10, 13 ], "texture": "#texture", "rotation": 90 },
				"south": { "uv": [ 16, 16, 10, 13 ], "texture": "#texture", "rotation": 270 },
				"west": { "uv": [ 16, 16, 10, 15 ], "texture": "#texture", "rotation": 270 },
				"east": { "uv": [ 10, 15, 16, 16 ], "texture": "#texture", "rotation": 90 }
			}
		},
		{
			"__comment": "Cube11",
			"from": [ 6.5, 5.8787, 2 ],
			"to": [ 8.62132, 8, 4 ],
			"rotation": { "origin": [ 6.5, 8, 2 ], "axis": "z", "angle": -45 },
			"faces": {
				"down": { "uv": [ 15, 13, 16, 16 ], "texture": "#texture", "rotation": 90 },
				"up": { "uv": [ 16, 16, 15, 13 ], "texture": "#texture", "rotation": 270 },
				"north": { "uv": [ 16, 16, 10, 13 ], "texture": "#texture", "rotation": 90 },
				"south": { "uv": [ 16, 16, 10, 13 ], "texture": "#texture", "rotation": 270 },
				"west": { "uv": [ 16, 16, 10, 15 ], "texture": "#texture", "rotation": 270 },
				"east": { "uv": [ 10, 15, 16, 16 ], "texture": "#texture", "rotation": 90 }
			}
		},
		{
			"__comment": "Cube11",
			"from": [ 5, 6.5, 2 ],
			"to": [ 11, 9.5, 4 ],
			"faces": {
				"down": { "uv": [ 10, 15, 16, 16 ], "texture": "#texture" },
				"up": { "uv": [ 10, 15, 16, 16 ], "texture": "#texture" },
				"north": { "uv": [ 10, 13, 16, 16 ], "texture": "#texture" },
				"south": { "uv": [ 10, 13, 16, 16 ], "texture": "#texture" },
				"west": { "uv": [ 15, 13, 16, 16 ], "texture": "#texture" },
				"east": { "uv": [ 15, 13, 16, 16 ], "texture": "#texture" }
			}
		},
		{
			"__comment": "Cube11",
			"from": [ 9.5, 8.878699, 2 ],
			"to": [ 11.62132, 11, 4 ],
			"rotation": { "origin": [ 9.5, 11, 2 ], "axis": "z", "angle": -45 },
			"faces": {
				"down": { "uv": [ 15, 13, 16, 16 ], "texture": "#texture", "rotation": 90 },
				"up": { "uv": [ 16, 16, 15, 13 ], "texture": "#texture", "rotation": 270 },
				"north": { "uv": [ 16, 16, 10, 13 ], "texture": "#texture", "rotation": 90 },
				"south": { "uv": [ 16, 16, 10, 13 ], "texture": "#texture", "rotation": 270 },
				"west": { "uv": [ 16, 16, 10, 15 ], "texture": "#texture", "rotation": 270 },
				"east": { "uv": [ 10, 15, 16, 16 ], "texture": "#texture", "rotation": 90 }
			}
		},
		{
			"__comment": "Cube11",
			"from": [ 6.5, 8.878699, 2 ],
			"to": [ 8.62132, 11, 4 ],
			"rotation": { "origin": [ 6.5, 11, 2 ], "axis": "z", "angle": -45 },
			"faces": {
				"down": { "uv": [ 15, 13, 16, 16 ], "texture": "#texture", "rotation": 90 },
				"up": { "uv": [ 16, 16, 15, 13 ], "texture": "#texture", "rotation": 270 },
				"north": { "uv": [ 16, 16, 10, 13 ], "texture": "#texture", "rotation": 90 },
				"south": { "uv": [ 16, 16, 10, 13 ], "texture": "#texture", "rotation": 270 },
				"west": { "uv": [ 16, 16, 10, 15 ], "texture": "#texture", "rotation": 270 },
				"east": { "uv": [ 10, 15, 16, 16 ], "texture": "#texture", "rotation": 90 }
			}
		},
		{
			"__comment": "Cube11",
			"from": [ 9.5, 5.8787, 2 ],
			"to": [ 11.62132, 8, 4 ],
			"rotation": { "origin": [ 9.5, 8, 2 ], "axis": "z", "angle": -45 },
			"faces": {
				"down": { "uv": [ 15, 13, 16, 16 ], "texture": "#texture", "rotation": 90 },
				"up": { "uv": [ 16, 16, 15, 13 ], "texture": "#texture", "rotation": 270 },
				"north": { "uv": [ 16, 16, 10, 13 ], "texture": "#texture", "rotation": 90 },
				"south": { "uv": [ 16, 16, 10, 13 ], "texture": "#texture", "rotation": 270 },
				"west": { "uv": [ 16, 16, 10, 15 ], "texture": "#texture", "rotation": 270 },
				"east": { "uv": [ 10, 15, 16, 16 ], "texture": "#texture", "rotation": 90 }
			}
		},
		{
			"__comment": "Cube23",
			"from": [ 7, 5, 4 ],
			"to": [ 7.25, 5.25, 12 ],
			"faces": {
				"down": { "uv": [ 15.75, 0, 16, 8 ], "texture": "#texture" },
				"up": { "uv": [ 15.75, 0, 16, 8 ], "texture": "#texture" },
				"north": { "uv": [ 16, 0, 15.75, 0.25 ], "texture": "#texture" },
				"south": { "uv": [ 15.75, 0, 16, 0.25 ], "texture": "#texture" },
				"west": { "uv": [ 7.999999, 0, 16, 0.25 ], "texture": "#texture" },
				"east": { "uv": [ 16, 0, 8, 0.25 ], "texture": "#texture" }
			}
		},
		{
			"__comment": "Cube23",
			"from": [ 8.75, 5, 4 ],
			"to": [ 9, 5.25, 12 ],
			"faces": {
				"down": { "uv": [ 15.75, 0, 16, 8 ], "texture": "#texture" },
				"up": { "uv": [ 15.75, 0, 16, 8 ], "texture": "#texture" },
				"north": { "uv": [ 16, 0, 15.75, 0.25 ], "texture": "#texture" },
				"south": { "uv": [ 15.75, 0, 16, 0.25 ], "texture": "#texture" },
				"west": { "uv": [ 7.999999, 0, 16, 0.25 ], "texture": "#texture" },
				"east": { "uv": [ 16, 0, 8, 0.25 ], "texture": "#texture" }
			}
		},
		{
			"__comment": "Cube23",
			"from": [ 10.75, 7, 4 ],
			"to": [ 11, 7.25, 12 ],
			"faces": {
				"down": { "uv": [ 15.75, 0, 16, 8 ], "texture": "#texture" },
				"up": { "uv": [ 15.75, 0, 16, 8 ], "texture": "#texture" },
				"north": { "uv": [ 16, 0, 15.75, 0.25 ], "texture": "#texture" },
				"south": { "uv": [ 15.75, 0, 16, 0.25 ], "texture": "#texture" },
				"west": { "uv": [ 7.999999, 0, 16, 0.25 ], "texture": "#texture" },
				"east": { "uv": [ 16, 0, 8, 0.25 ], "texture": "#texture" }
			}
		},
		{
			"__comment": "Cube23",
			"from": [ 8.75, 10.75, 4 ],
			"to": [ 9, 11, 12 ],
			"faces": {
				"down": { "uv": [ 15.75, 0, 16, 8 ], "texture": "#texture" },
				"up": { "uv": [ 15.75, 0, 16, 8 ], "texture": "#texture" },
				"north": { "uv": [ 16, 0, 15.75, 0.25 ], "texture": "#texture" },
				"south": { "uv": [ 15.75, 0, 16, 0.25 ], "texture": "#texture" },
				"west": { "uv": [ 7.999999, 0, 16, 0.25 ], "texture": "#texture" },
				"east": { "uv": [ 16, 0, 8, 0.25 ], "texture": "#texture" }
			}
		},
		{
			"__comment": "Cube23",
			"from": [ 7, 10.75, 4 ],
			"to": [ 7.25, 11, 12 ],
			"faces": {
				"down": { "uv": [ 15.75, 0, 16, 8 ], "texture": "#texture" },
				"up": { "uv": [ 15.75, 0, 16, 8 ], "texture": "#texture" },
				"north": { "uv": [ 16, 0, 15.75, 0.25 ], "texture": "#texture" },
				"south": { "uv": [ 15.75, 0, 16, 0.25 ], "texture": "#texture" },
				"west": { "uv": [ 7.999999, 0, 16, 0.25 ], "texture": "#texture" },
				"east": { "uv": [ 16, 0, 8, 0.25 ], "texture": "#texture" }
			}
		},
		{
			"__comment": "Cube23",
			"from": [ 5, 7, 4 ],
			"to": [ 5.25, 7.25, 12 ],
			"faces": {
				"down": { "uv": [ 15.75, 0, 16, 8 ], "texture": "#texture" },
				"up": { "uv": [ 15.75, 0, 16, 8 ], "texture": "#texture" },
				"north": { "uv": [ 16, 0, 15.75, 0.25 ], "texture": "#texture" },
				"south": { "uv": [ 15.75, 0, 16, 0.25 ], "texture": "#texture" },
				"west": { "uv": [ 7.999999, 0, 16, 0.25 ], "texture": "#texture" },
				"east": { "uv": [ 16, 0, 8, 0.25 ], "texture": "#texture" }
			}
		},
		{
			"__comment": "Cube23",
			"from": [ 5, 8.75, 4 ],
			"to": [ 5.25, 9, 12 ],
			"faces": {
				"down": { "uv": [ 15.75, 0, 16, 8 ], "texture": "#texture" },
				"up": { "uv": [ 15.75, 0, 16, 8 ], "texture": "#texture" },
				"north": { "uv": [ 16, 0, 15.75, 0.25 ], "texture": "#texture" },
				"south": { "uv": [ 15.75, 0, 16, 0.25 ], "texture": "#texture" },
				"west": { "uv": [ 7.999999, 0, 16, 0.25 ], "texture": "#texture" },
				"east": { "uv": [ 16, 0, 8, 0.25 ], "texture": "#texture" }
			}
		},
		{
			"__comment": "Cube23",
			"from": [ 10.75, 8.75, 4 ],
			"to": [ 11, 9, 12 ],
			"faces": {
				"down": { "uv": [ 15.75, 0, 16, 8 ], "texture": "#texture" },
				"up": { "uv": [ 15.75, 0, 16, 8 ], "texture": "#texture" },
				"north": { "uv": [ 16, 0, 15.75, 0.25 ], "texture": "#texture" },
				"south": { "uv": [ 15.75, 0, 16, 0.25 ], "texture": "#texture" },
				"west": { "uv": [ 7.999999, 0, 16, 0.25 ], "texture": "#texture" },
				"east": { "uv": [ 16, 0, 8, 0.25 ], "texture": "#texture" }
			}
		},
		{
			"__comment": "Cube23",
			"from": [ 7, 5, 4 ],
			"to": [ 7.25, 5.25, 12 ],
			"rotation": { "origin": [ 8, 8, 8 ], "axis": "z", "angle": 45 },
			"faces": {
				"down": { "uv": [ 15.75, 0, 16, 8 ], "texture": "#texture" },
				"up": { "uv": [ 15.75, 0, 16, 8 ], "texture": "#texture" },
				"north": { "uv": [ 16, 0, 15.75, 0.25 ], "texture": "#texture" },
				"south": { "uv": [ 15.75, 0, 16, 0.25 ], "texture": "#texture" },
				"west": { "uv": [ 7.999999, 0, 16, 0.25 ], "texture": "#texture" },
				"east": { "uv": [ 16, 0, 8, 0.25 ], "texture": "#texture" }
			}
		},
		{
			"__comment": "Cube23",
			"from": [ 8.75, 5, 4 ],
			"to": [ 9, 5.25, 12 ],
			"rotation": { "origin": [ 8, 8, 8 ], "axis": "z", "angle": 45 },
			"faces": {
				"down": { "uv": [ 15.75, 0, 16, 8 ], "texture": "#texture" },
				"up": { "uv": [ 15.75, 0, 16, 8 ], "texture": "#texture" },
				"north": { "uv": [ 16, 0, 15.75, 0.25 ], "texture": "#texture" },
				"south": { "uv": [ 15.75, 0, 16, 0.25 ], "texture": "#texture" },
				"west": { "uv": [ 7.999999, 0, 16, 0.25 ], "texture": "#texture" },
				"east": { "uv": [ 16, 0, 8, 0.25 ], "texture": "#texture" }
			}
		},
		{
			"__comment": "Cube23",
			"from": [ 8.75, 10.75, 4 ],
			"to": [ 9, 11, 12 ],
			"rotation": { "origin": [ 8, 8, 8 ], "axis": "z", "angle": -45 },
			"faces": {
				"down": { "uv": [ 15.75, 0, 16, 8 ], "texture": "#texture", "rotation": 180 },
				"up": { "uv": [ 15.75, 0, 16, 8 ], "texture": "#texture", "rotation": 180 },
				"north": { "uv": [ 15.75, 0.25, 16, 0 ], "texture": "#texture" },
				"south": { "uv": [ 16, 0.25, 15.75, 0 ], "texture": "#texture" },
				"west": { "uv": [ 16, 0, 8, 0.25 ], "texture": "#texture", "rotation": 180 },
				"east": { "uv": [ 7.999999, 0, 16, 0.25 ], "texture": "#texture", "rotation": 180 }
			}
		},
		{
			"__comment": "Cube23",
			"from": [ 7, 10.75, 4 ],
			"to": [ 7.25, 11, 12 ],
			"rotation": { "origin": [ 8, 8, 8 ], "axis": "z", "angle": -45 },
			"faces": {
				"down": { "uv": [ 15.75, 0, 16, 8 ], "texture": "#texture", "rotation": 180 },
				"up": { "uv": [ 15.75, 0, 16, 8 ], "texture": "#texture", "rotation": 180 },
				"north": { "uv": [ 15.75, 0.25, 16, 0 ], "texture": "#texture" },
				"south": { "uv": [ 16, 0.25, 15.75, 0 ], "texture": "#texture" },
				"west": { "uv": [ 16, 0, 8, 0.25 ], "texture": "#texture", "rotation": 180 },
				"east": { "uv": [ 7.999999, 0, 16, 0.25 ], "texture": "#texture", "rotation": 180 }
			}
		},
		{
			"__comment": "Cube23",
			"from": [ 5, 8.75, 4 ],
			"to": [ 5.25, 9, 12 ],
			"rotation": { "origin": [ 8, 8, 8 ], "axis": "z", "angle": -45 },
			"faces": {
				"down": { "uv": [ 16, 0, 8, 0.25 ], "texture": "#texture", "rotation": 90 },
				"up": { "uv": [ 16, 0.25, 7.999999, 0 ], "texture": "#texture", "rotation": 270 },
				"north": { "uv": [ 15.75, 0.25, 16, 0 ], "texture": "#texture", "rotation": 90 },
				"south": { "uv": [ 16, 0.25, 15.75, 0 ], "texture": "#texture", "rotation": 270 },
				"west": { "uv": [ 16, 8, 15.75, 0 ], "texture": "#texture", "rotation": 270 },
				"east": { "uv": [ 15.75, 0, 16, 8 ], "texture": "#texture", "rotation": 90 }
			}
		},
		{
			"__comment": "Cube23",
			"from": [ 5, 7, 4 ],
			"to": [ 5.25, 7.25, 12 ],
			"rotation": { "origin": [ 8, 8, 8 ], "axis": "z", "angle": -45 },
			"faces": {
				"down": { "uv": [ 16, 0, 8, 0.25 ], "texture": "#texture", "rotation": 90 },
				"up": { "uv": [ 16, 0.25, 7.999999, 0 ], "texture": "#texture", "rotation": 270 },
				"north": { "uv": [ 15.75, 0.25, 16, 0 ], "texture": "#texture", "rotation": 90 },
				"south": { "uv": [ 16, 0.25, 15.75, 0 ], "texture": "#texture", "rotation": 270 },
				"west": { "uv": [ 16, 8, 15.75, 0 ], "texture": "#texture", "rotation": 270 },
				"east": { "uv": [ 15.75, 0, 16, 8 ], "texture": "#texture", "rotation": 90 }
			}
		},
		{
			"__comment": "Cube23",
			"from": [ 7, 5, 4 ],
			"to": [ 7.25, 5.25, 12 ],
			"rotation": { "origin": [ 8, 8, 8 ], "axis": "z", "angle": -45 },
			"faces": {
				"down": { "uv": [ 15.75, 0, 16, 8 ], "texture": "#texture" },
				"up": { "uv": [ 15.75, 0, 16, 8 ], "texture": "#texture" },
				"north": { "uv": [ 16, 0, 15.75, 0.25 ], "texture": "#texture" },
				"south": { "uv": [ 15.75, 0, 16, 0.25 ], "texture": "#texture" },
				"west": { "uv": [ 7.999999, 0, 16, 0.25 ], "texture": "#texture" },
				"east": { "uv": [ 16, 0, 8, 0.25 ], "texture": "#texture" }
			}
		},
		{
			"__comment": "Cube23",
			"from": [ 8.75, 5, 4 ],
			"to": [ 9, 5.25, 12 ],
			"rotation": { "origin": [ 8, 8, 8 ], "axis": "z", "angle": -45 },
			"faces": {
				"down": { "uv": [ 15.75, 0, 16, 8 ], "texture": "#texture" },
				"up": { "uv": [ 15.75, 0, 16, 8 ], "texture": "#texture" },
				"north": { "uv": [ 16, 0, 15.75, 0.25 ], "texture": "#texture" },
				"south": { "uv": [ 15.75, 0, 16, 0.25 ], "texture": "#texture" },
				"west": { "uv": [ 7.999999, 0, 16, 0.25 ], "texture": "#texture" },
				"east": { "uv": [ 16, 0, 8, 0.25 ], "texture": "#texture" }
			}
		},
		{
			"__comment": "Cube11",
			"from": [ 5, 6.5, 12 ],
			"to": [ 6.5, 9.5, 12.25 ],
			"faces": {
				"down": { "uv": [ 10, 15, 16, 16 ], "texture": "#texture" },
				"up": { "uv": [ 10, 15, 16, 16 ], "texture": "#texture" },
				"north": { "uv": [ 10, 13, 16, 16 ], "texture": "#texture" },
				"south": { "uv": [ 10, 13, 16, 16 ], "texture": "#texture" },
				"west": { "uv": [ 15, 13, 16, 16 ], "texture": "#texture" },
				"east": { "uv": [ 15, 13, 16, 16 ], "texture": "#texture" }
			}
		},
		{
			"__comment": "Cube11",
			"from": [ 6.5, 5, 12 ],
			"to": [ 9.5, 6.5, 12.25 ],
			"faces": {
				"down": { "uv": [ 10, 15, 16, 16 ], "texture": "#texture" },
				"up": { "uv": [ 10, 15, 16, 16 ], "texture": "#texture" },
				"north": { "uv": [ 10, 13, 16, 16 ], "texture": "#texture" },
				"south": { "uv": [ 10, 13, 16, 16 ], "texture": "#texture" },
				"west": { "uv": [ 15, 13, 16, 16 ], "texture": "#texture" },
				"east": { "uv": [ 15, 13, 16, 16 ], "texture": "#texture" }
			}
		},
		{
			"__comment": "Cube11",
			"from": [ 6.5, 8.878699, 12 ],
			"to": [ 8.62132, 11, 12.25 ],
			"rotation": { "origin": [ 6.5, 11, 12 ], "axis": "z", "angle": -45 },
			"faces": {
				"down": { "uv": [ 15, 13, 16, 16 ], "texture": "#texture", "rotation": 90 },
				"up": { "uv": [ 16, 16, 15, 13 ], "texture": "#texture", "rotation": 270 },
				"north": { "uv": [ 16, 16, 10, 13 ], "texture": "#texture", "rotation": 90 },
				"south": { "uv": [ 16, 16, 10, 13 ], "texture": "#texture", "rotation": 270 },
				"west": { "uv": [ 16, 16, 10, 15 ], "texture": "#texture", "rotation": 270 },
				"east": { "uv": [ 10, 15, 16, 16 ], "texture": "#texture", "rotation": 90 }
			}
		},
		{
			"__comment": "Cube11",
			"from": [ 7.6464, 9.5, 12.25 ],
			"to": [ 8.3535, 9.85355, 12.75 ],
			"faces": {
				"down": { "uv": [ 15, 8, 16, 11 ], "texture": "#texture", "rotation": 90 },
				"up": { "uv": [ 16, 11, 15, 8 ], "texture": "#texture", "rotation": 270 },
				"north": { "uv": [ 16, 11, 10, 8 ], "texture": "#texture", "rotation": 90 },
				"south": { "uv": [ 16, 11, 10, 8 ], "texture": "#texture", "rotation": 270 },
				"west": { "uv": [ 16, 9, 10, 8 ], "texture": "#texture", "rotation": 270 },
				"east": { "uv": [ 10, 8, 16, 9 ], "texture": "#texture", "rotation": 90 }
			}
		},
		{
			"__comment": "Cube11",
			"from": [ 8.878699, 7.3787, 12.25 ],
			"to": [ 11, 7.8787, 12.75 ],
			"rotation": { "origin": [ 11, 9.5, 12.25 ], "axis": "z", "angle": -45 },
			"faces": {
				"down": { "uv": [ 15, 8, 16, 11 ], "texture": "#texture", "rotation": 90 },
				"up": { "uv": [ 16, 11, 15, 8 ], "texture": "#texture", "rotation": 270 },
				"north": { "uv": [ 16, 11, 10, 8 ], "texture": "#texture", "rotation": 90 },
				"south": { "uv": [ 16, 11, 10, 8 ], "texture": "#texture", "rotation": 270 },
				"west": { "uv": [ 16, 9, 10, 8 ], "texture": "#texture", "rotation": 270 },
				"east": { "uv": [ 10, 8, 16, 9 ], "texture": "#texture", "rotation": 90 }
			}
		},
		{
			"__comment": "Cube11",
			"from": [ 5, 8.1213, 12.25 ],
			"to": [ 7.1213, 8.6213, 12.75 ],
			"rotation": { "origin": [ 5, 6.5, 12.25 ], "axis": "z", "angle": -45 },
			"faces": {
				"down": { "uv": [ 15, 8, 16, 11 ], "texture": "#texture", "rotation": 90 },
				"up": { "uv": [ 16, 11, 15, 8 ], "texture": "#texture", "rotation": 270 },
				"north": { "uv": [ 16, 11, 10, 8 ], "texture": "#texture", "rotation": 90 },
				"south": { "uv": [ 16, 11, 10, 8 ], "texture": "#texture", "rotation": 270 },
				"west": { "uv": [ 16, 9, 10, 8 ], "texture": "#texture", "rotation": 270 },
				"east": { "uv": [ 10, 8, 16, 9 ], "texture": "#texture", "rotation": 90 }
			}
		},
		{
			"__comment": "Cube11",
			"from": [ 8.1213, 8.878699, 12.25 ],
			"to": [ 8.6213, 11, 12.75 ],
			"rotation": { "origin": [ 6.5, 11, 12.25 ], "axis": "z", "angle": -45 },
			"faces": {
				"down": { "uv": [ 15, 8, 16, 11 ], "texture": "#texture", "rotation": 90 },
				"up": { "uv": [ 16, 11, 15, 8 ], "texture": "#texture", "rotation": 270 },
				"north": { "uv": [ 16, 11, 10, 8 ], "texture": "#texture", "rotation": 90 },
				"south": { "uv": [ 16, 11, 10, 8 ], "texture": "#texture", "rotation": 270 },
				"west": { "uv": [ 16, 9, 10, 8 ], "texture": "#texture", "rotation": 270 },
				"east": { "uv": [ 10, 8, 16, 9 ], "texture": "#texture", "rotation": 90 }
			}
		},
		{
			"__comment": "Cube11",
			"from": [ 9.5, 7.6464, 12.25 ],
			"to": [ 9.8536, 8.3535, 12.75 ],
			"faces": {
				"down": { "uv": [ 15, 8, 16, 11 ], "texture": "#texture", "rotation": 90 },
				"up": { "uv": [ 16, 11, 15, 8 ], "texture": "#texture", "rotation": 270 },
				"north": { "uv": [ 16, 11, 10, 8 ], "texture": "#texture", "rotation": 90 },
				"south": { "uv": [ 16, 11, 10, 8 ], "texture": "#texture", "rotation": 270 },
				"west": { "uv": [ 16, 9, 10, 8 ], "texture": "#texture", "rotation": 270 },
				"east": { "uv": [ 10, 8, 16, 9 ], "texture": "#texture", "rotation": 90 }
			}
		},
		{
			"__comment": "Cube11",
			"from": [ 7.6464, 6.1464, 12.25 ],
			"to": [ 8.3535, 6.49995, 12.75 ],
			"faces": {
				"down": { "uv": [ 15, 8, 16, 11 ], "texture": "#texture", "rotation": 90 },
				"up": { "uv": [ 16, 11, 15, 8 ], "texture": "#texture", "rotation": 270 },
				"north": { "uv": [ 16, 11, 10, 8 ], "texture": "#texture", "rotation": 90 },
				"south": { "uv": [ 16, 11, 10, 8 ], "texture": "#texture", "rotation": 270 },
				"west": { "uv": [ 16, 9, 10, 8 ], "texture": "#texture", "rotation": 270 },
				"east": { "uv": [ 10, 8, 16, 9 ], "texture": "#texture", "rotation": 90 }
			}
		},
		{
			"__comment": "Cube11",
			"from": [ 6.1464, 7.6464, 12.25 ],
			"to": [ 6.5, 8.3535, 12.75 ],
			"faces": {
				"down": { "uv": [ 15, 8, 16, 11 ], "texture": "#texture", "rotation": 90 },
				"up": { "uv": [ 16, 11, 15, 8 ], "texture": "#texture", "rotation": 270 },
				"north": { "uv": [ 16, 11, 10, 8 ], "texture": "#texture", "rotation": 90 },
				"south": { "uv": [ 16, 11, 10, 8 ], "texture": "#texture", "rotation": 270 },
				"west": { "uv": [ 16, 9, 10, 8 ], "texture": "#texture", "rotation": 270 },
				"east": { "uv": [ 10, 8, 16, 9 ], "texture": "#texture", "rotation": 90 }
			}
		},
		{
			"__comment": "Cube49",
			"from": [ 5, 6.5, 12.25 ],
			"to": [ 7.12132, 6.75, 12.5 ],
			"rotation": { "origin": [ 5, 6.5, 12.25 ], "axis": "z", "angle": -45 },
			"faces": {
				"down": { "uv": [ 8, 8, 8.25, 8.25 ], "texture": "#texture" },
				"up": { "uv": [ 8, 8, 8.25, 8.25 ], "texture": "#texture" },
				"north": { "uv": [ 8, 8, 8.25, 11 ], "texture": "#texture" },
				"south": { "uv": [ 8, 8, 8.25, 11 ], "texture": "#texture" },
				"west": { "uv": [ 8, 8, 8.25, 11 ], "texture": "#texture" },
				"east": { "uv": [ 8, 8, 8.25, 11 ], "texture": "#texture" }
			}
		},
		{
			"__comment": "Cube49",
			"from": [ 5, 6.5, 12.25 ],
			"to": [ 5.25, 9.5, 12.5 ],
			"faces": {
				"down": { "uv": [ 8, 8, 8.25, 8.25 ], "texture": "#texture" },
				"up": { "uv": [ 8, 8, 8.25, 8.25 ], "texture": "#texture" },
				"north": { "uv": [ 8, 8, 8.25, 11 ], "texture": "#texture" },
				"south": { "uv": [ 8, 8, 8.25, 11 ], "texture": "#texture" },
				"west": { "uv": [ 8, 8, 8.25, 11 ], "texture": "#texture" },
				"east": { "uv": [ 8, 8, 8.25, 11 ], "texture": "#texture" }
			}
		},
		{
			"__comment": "Cube49",
			"from": [ 10.75, 6.5, 12.25 ],
			"to": [ 11, 9.5, 12.5 ],
			"faces": {
				"down": { "uv": [ 8, 8, 8.25, 8.25 ], "texture": "#texture" },
				"up": { "uv": [ 8, 8, 8.25, 8.25 ], "texture": "#texture" },
				"north": { "uv": [ 8, 8, 8.25, 11 ], "texture": "#texture" },
				"south": { "uv": [ 8, 8, 8.25, 11 ], "texture": "#texture" },
				"west": { "uv": [ 8, 8, 8.25, 11 ], "texture": "#texture" },
				"east": { "uv": [ 8, 8, 8.25, 11 ], "texture": "#texture" }
			}
		},
		{
			"__comment": "Cube49",
			"from": [ 6.5, 5, 12.25 ],
			"to": [ 9.5, 5.25, 12.5 ],
			"faces": {
				"down": { "uv": [ 8, 8, 8.25, 8.25 ], "texture": "#texture" },
				"up": { "uv": [ 8, 8, 8.25, 8.25 ], "texture": "#texture" },
				"north": { "uv": [ 8, 8, 8.25, 11 ], "texture": "#texture" },
				"south": { "uv": [ 8, 8, 8.25, 11 ], "texture": "#texture" },
				"west": { "uv": [ 8, 8, 8.25, 11 ], "texture": "#texture" },
				"east": { "uv": [ 8, 8, 8.25, 11 ], "texture": "#texture" }
			}
		},
		{
			"__comment": "Cube49",
			"from": [ 5.125, 7.625, 12.25 ],
			"to": [ 6.375, 8.375, 12.5 ],
			"faces": {
				"down": { "uv": [ 8, 8, 8.25, 8.25 ], "texture": "#texture" },
				"up": { "uv": [ 8, 8, 8.25, 8.25 ], "texture": "#texture" },
				"north": { "uv": [ 8, 8, 8.25, 11 ], "texture": "#texture" },
				"south": { "uv": [ 8, 8, 8.25, 11 ], "texture": "#texture" },
				"west": { "uv": [ 8, 8, 8.25, 11 ], "texture": "#texture" },
				"east": { "uv": [ 8, 8, 8.25, 11 ], "texture": "#texture" }
			}
		},
		{
			"__comment": "Cube49",
			"from": [ 9.5, 10.75, 12.25 ],
			"to": [ 11.62132, 11, 12.5 ],
			"rotation": { "origin": [ 9.5, 11, 12.25 ], "axis": "z", "angle": -45 },
			"faces": {
				"down": { "uv": [ 8, 8, 8.25, 8.25 ], "texture": "#texture" },
				"up": { "uv": [ 8, 8, 8.25, 8.25 ], "texture": "#texture" },
				"north": { "uv": [ 8, 8, 8.25, 11 ], "texture": "#texture" },
				"south": { "uv": [ 8, 8, 8.25, 11 ], "texture": "#texture" },
				"west": { "uv": [ 8, 8, 8.25, 11 ], "texture": "#texture" },
				"east": { "uv": [ 8, 8, 8.25, 11 ], "texture": "#texture" }
			}
		},
		{
			"__comment": "Cube49",
			"from": [ 9.5, 5, 12.25 ],
			"to": [ 11.62132, 5.25, 12.5 ],
			"rotation": { "origin": [ 9.5, 5, 12.25 ], "axis": "z", "angle": 45 },
			"faces": {
				"down": { "uv": [ 8, 8, 8.25, 8.25 ], "texture": "#texture" },
				"up": { "uv": [ 8, 8, 8.25, 8.25 ], "texture": "#texture" },
				"north": { "uv": [ 8, 8, 8.25, 11 ], "texture": "#texture" },
				"south": { "uv": [ 8, 8, 8.25, 11 ], "texture": "#texture" },
				"west": { "uv": [ 8, 8, 8.25, 11 ], "texture": "#texture" },
				"east": { "uv": [ 8, 8, 8.25, 11 ], "texture": "#texture" }
			}
		},
		{
			"__comment": "Cube49",
			"from": [ 5, 9.25, 12.25 ],
			"to": [ 7.12132, 9.5, 12.5 ],
			"rotation": { "origin": [ 5, 9.5, 12.25 ], "axis": "z", "angle": 45 },
			"faces": {
				"down": { "uv": [ 8, 8, 8.25, 8.25 ], "texture": "#texture" },
				"up": { "uv": [ 8, 8, 8.25, 8.25 ], "texture": "#texture" },
				"north": { "uv": [ 8, 8, 8.25, 11 ], "texture": "#texture" },
				"south": { "uv": [ 8, 8, 8.25, 11 ], "texture": "#texture" },
				"west": { "uv": [ 8, 8, 8.25, 11 ], "texture": "#texture" },
				"east": { "uv": [ 8, 8, 8.25, 11 ], "texture": "#texture" }
			}
		},
		{
			"__comment": "Cube49",
			"from": [ 6.5, 10.75, 12.25 ],
			"to": [ 9.5, 11, 12.5 ],
			"faces": {
				"down": { "uv": [ 8, 8, 8.25, 8.25 ], "texture": "#texture" },
				"up": { "uv": [ 8, 8, 8.25, 8.25 ], "texture": "#texture" },
				"north": { "uv": [ 8, 8, 8.25, 11 ], "texture": "#texture" },
				"south": { "uv": [ 8, 8, 8.25, 11 ], "texture": "#texture" },
				"west": { "uv": [ 8, 8, 8.25, 11 ], "texture": "#texture" },
				"east": { "uv": [ 8, 8, 8.25, 11 ], "texture": "#texture" }
			}
		},
		{
			"__comment": "Cube49",
			"from": [ 7.625, 5, 12.25 ],
			"to": [ 8.375, 6.25, 12.5 ],
			"faces": {
				"down": { "uv": [ 8, 8, 8.25, 8.25 ], "texture": "#texture" },
				"up": { "uv": [ 8, 8, 8.25, 8.25 ], "texture": "#texture" },
				"north": { "uv": [ 8, 8, 8.25, 11 ], "texture": "#texture" },
				"south": { "uv": [ 8, 8, 8.25, 11 ], "texture": "#texture" },
				"west": { "uv": [ 8, 8, 8.25, 11 ], "texture": "#texture" },
				"east": { "uv": [ 8, 8, 8.25, 11 ], "texture": "#texture" }
			}
		},
		{
			"__comment": "Cube49",
			"from": [ 5.25, 8.5, 12.25 ],
			"to": [ 7.25, 9, 12.5 ],
			"rotation": { "origin": [ 7.25, 8.75, 12.25 ], "axis": "z", "angle": -45 },
			"faces": {
				"down": { "uv": [ 8, 8, 8.25, 8.25 ], "texture": "#texture", "rotation": 180 },
				"up": { "uv": [ 8, 8, 8.25, 8.25 ], "texture": "#texture", "rotation": 180 },
				"north": { "uv": [ 8.25, 11, 8, 8 ], "texture": "#texture" },
				"south": { "uv": [ 8.25, 11, 8, 8 ], "texture": "#texture" },
				"west": { "uv": [ 8, 8, 8.25, 11 ], "texture": "#texture", "rotation": 180 },
				"east": { "uv": [ 8, 8, 8.25, 11 ], "texture": "#texture", "rotation": 180 }
			}
		},
		{
			"__comment": "Cube49",
			"from": [ 9.75, 7.625, 12.25 ],
			"to": [ 11, 8.375, 12.5 ],
			"faces": {
				"down": { "uv": [ 8, 8, 8.25, 8.25 ], "texture": "#texture" },
				"up": { "uv": [ 8, 8, 8.25, 8.25 ], "texture": "#texture" },
				"north": { "uv": [ 8, 8, 8.25, 11 ], "texture": "#texture" },
				"south": { "uv": [ 8, 8, 8.25, 11 ], "texture": "#texture" },
				"west": { "uv": [ 8, 8, 8.25, 11 ], "texture": "#texture" },
				"east": { "uv": [ 8, 8, 8.25, 11 ], "texture": "#texture" }
			}
		},
		{
			"__comment": "Cube49",
			"from": [ 8.75, 8.5, 12.25 ],
			"to": [ 10.75, 9, 12.5 ],
			"rotation": { "origin": [ 8.75, 8.75, 12.25 ], "axis": "z", "angle": 45 },
			"faces": {
				"down": { "uv": [ 8, 8, 8.25, 8.25 ], "texture": "#texture" },
				"up": { "uv": [ 8, 8, 8.25, 8.25 ], "texture": "#texture" },
				"north": { "uv": [ 8, 8, 8.25, 11 ], "texture": "#texture" },
				"south": { "uv": [ 8, 8, 8.25, 11 ], "texture": "#texture" },
				"west": { "uv": [ 8, 8, 8.25, 11 ], "texture": "#texture" },
				"east": { "uv": [ 8, 8, 8.25, 11 ], "texture": "#texture" }
			}
		},
		{
			"__comment": "Cube49",
			"from": [ 8.75, 7, 12.25 ],
			"to": [ 10.75, 7.5, 12.5 ],
			"rotation": { "origin": [ 8.75, 7.25, 12.25 ], "axis": "z", "angle": -45 },
			"faces": {
				"down": { "uv": [ 8, 8, 8.25, 8.25 ], "texture": "#texture" },
				"up": { "uv": [ 8, 8, 8.25, 8.25 ], "texture": "#texture" },
				"north": { "uv": [ 8, 8, 8.25, 11 ], "texture": "#texture" },
				"south": { "uv": [ 8, 8, 8.25, 11 ], "texture": "#texture" },
				"west": { "uv": [ 8, 8, 8.25, 11 ], "texture": "#texture" },
				"east": { "uv": [ 8, 8, 8.25, 11 ], "texture": "#texture" }
			}
		},
		{
			"__comment": "Cube49",
			"from": [ 5.5, 5.75, 12.25 ],
			"to": [ 6, 7.75, 12.5 ],
			"rotation": { "origin": [ 5.75, 5.75, 12.25 ], "axis": "z", "angle": -45 },
			"faces": {
				"down": { "uv": [ 8.25, 11, 8, 8 ], "texture": "#texture", "rotation": 90 },
				"up": { "uv": [ 8, 8, 8.25, 11 ], "texture": "#texture", "rotation": 270 },
				"north": { "uv": [ 8, 8, 8.25, 11 ], "texture": "#texture", "rotation": 90 },
				"south": { "uv": [ 8, 8, 8.25, 11 ], "texture": "#texture", "rotation": 270 },
				"west": { "uv": [ 8, 8, 8.25, 8.25 ], "texture": "#texture", "rotation": 270 },
				"east": { "uv": [ 8.25, 8.25, 8, 8 ], "texture": "#texture", "rotation": 90 }
			}
		},
		{
			"__comment": "Cube49",
			"from": [ 7.625, 9.75, 12.25 ],
			"to": [ 8.375, 11, 12.5 ],
			"faces": {
				"down": { "uv": [ 8, 8, 8.25, 8.25 ], "texture": "#texture" },
				"up": { "uv": [ 8, 8, 8.25, 8.25 ], "texture": "#texture" },
				"north": { "uv": [ 8, 8, 8.25, 11 ], "texture": "#texture" },
				"south": { "uv": [ 8, 8, 8.25, 11 ], "texture": "#texture" },
				"west": { "uv": [ 8, 8, 8.25, 11 ], "texture": "#texture" },
				"east": { "uv": [ 8, 8, 8.25, 11 ], "texture": "#texture" }
			}
		},
		{
			"__comment": "Top Arm",
			"from": [ 7.5, 10.75, 11.375 ],
			"to": [ 8.5, 11.75, 12.375 ],
			"rotation": { "origin": [ 7.5, 10.75, 11.375 ], "axis": "x", "angle": 22.5 },
			"faces": {
				"down": { "uv": [ 8, 8, 8.25, 8.25 ], "texture": "#texture" },
				"up": { "uv": [ 8, 8, 8.25, 8.25 ], "texture": "#texture" },
				"north": { "uv": [ 8, 8, 8.25, 11 ], "texture": "#texture" },
				"south": { "uv": [ 8, 8, 8.25, 11 ], "texture": "#texture" },
				"west": { "uv": [ 8, 8, 8.25, 11 ], "texture": "#texture" },
				"east": { "uv": [ 8, 8, 8.25, 11 ], "texture": "#texture" }
			}
		},
		{
			"__comment": "Top Arm1",
			"from": [ 7.75, 11.25, 12 ],
			"to": [ 8.25, 12, 12.75 ],
			"rotation": { "origin": [ 7.75, 11.25, 12 ], "axis": "x", "angle": 45 },
			"faces": {
				"down": { "uv": [ 8, 8, 8.25, 8.25 ], "texture": "#texture" },
				"up": { "uv": [ 8, 8, 8.25, 8.25 ], "texture": "#texture" },
				"north": { "uv": [ 8, 8, 8.25, 11 ], "texture": "#texture" },
				"south": { "uv": [ 8, 8, 8.25, 11 ], "texture": "#texture" },
				"west": { "uv": [ 8, 8, 8.25, 11 ], "texture": "#texture" },
				"east": { "uv": [ 8, 8, 8.25, 11 ], "texture": "#texture" }
			}
		},
		{
			"__comment": "Top Arm2",
			"from": [ 7.875, 9.75, 12.5 ],
			"to": [ 8.125, 10, 16.5 ],
			"rotation": { "origin": [ 7.875, 9.75, 12.5 ], "axis": "x", "angle": -45 },
			"faces": {
				"down": { "uv": [ 8, 8, 8.25, 8.25 ], "texture": "#texture" },
				"up": { "uv": [ 8, 8, 8.25, 8.25 ], "texture": "#texture" },
				"north": { "uv": [ 8, 8, 8.25, 11 ], "texture": "#texture" },
				"south": { "uv": [ 8, 8, 8.25, 11 ], "texture": "#texture" },
				"west": { "uv": [ 8, 8, 8.25, 11 ], "texture": "#texture" },
				"east": { "uv": [ 8, 8, 8.25, 11 ], "texture": "#texture" }
			}
		},
		{
			"__comment": "Top Arm3",
			"from": [ 7.875, 11.25, 11.5 ],
			"to": [ 8.125, 11.75, 15 ],
			"rotation": { "origin": [ 7.875, 11.25, 11.5 ], "axis": "x", "angle": -22.5 },
			"faces": {
				"down": { "uv": [ 8, 8, 8.25, 8.25 ], "texture": "#texture" },
				"up": { "uv": [ 8, 8, 8.25, 8.25 ], "texture": "#texture" },
				"north": { "uv": [ 8, 8, 8.25, 11 ], "texture": "#texture" },
				"south": { "uv": [ 8, 8, 8.25, 11 ], "texture": "#texture" },
				"west": { "uv": [ 8, 8, 8.25, 11 ], "texture": "#texture" },
				"east": { "uv": [ 8, 8, 8.25, 11 ], "texture": "#texture" }
			}
		},
		{
			"__comment": "Top Arm4",
			"from": [ 7.75, 12.875, 13.875 ],
			"to": [ 8.25, 13.375, 16.375 ],
			"rotation": { "origin": [ 7.75, 12.875, 13.875 ], "axis": "x", "angle": 22.5 },
			"faces": {
				"down": { "uv": [ 8, 12, 8.25, 12.25 ], "texture": "#texture" },
				"up": { "uv": [ 8, 12, 8.25, 12.25 ], "texture": "#texture" },
				"north": { "uv": [ 8, 12, 8.25, 15 ], "texture": "#texture" },
				"south": { "uv": [ 8, 12, 8.25, 15 ], "texture": "#texture" },
				"west": { "uv": [ 8, 12, 8.25, 15 ], "texture": "#texture" },
				"east": { "uv": [ 8, 12, 8.25, 15 ], "texture": "#texture" }
			}
		},
		{
			"__comment": "Top Arm5",
			"from": [ 7.875, 12, 15.75 ],
			"to": [ 8.125, 12.5, 16.5 ],
			"rotation": { "origin": [ 7.875, 12, 15.75 ], "axis": "x", "angle": 45 },
			"faces": {
				"down": { "uv": [ 8, 7.5, 8.25, 7.75 ], "texture": "#texture" },
				"up": { "uv": [ 8, 7.5, 8.25, 7.75 ], "texture": "#texture" },
				"north": { "uv": [ 8, 6, 8.5, 8 ], "texture": "#texture" },
				"south": { "uv": [ 8, 6, 8.5, 8 ], "texture": "#texture" },
				"west": { "uv": [ 8, 6, 8.5, 8 ], "texture": "#texture" },
				"east": { "uv": [ 8, 6, 8.5, 8 ], "texture": "#texture" }
			}
		},
		{
			"__comment": "East Arm",
			"from": [ 10.75, 7.5, 11.375 ],
			"to": [ 11.75, 8.5, 12.375 ],
			"rotation": { "origin": [ 10.75, 8.5, 11.375 ], "axis": "y", "angle": -22.5 },
			"faces": {
				"down": { "uv": [ 8, 8, 8.25, 11 ], "texture": "#texture", "rotation": 90 },
				"up": { "uv": [ 8.25, 11, 8, 8 ], "texture": "#texture", "rotation": 270 },
				"north": { "uv": [ 8, 8, 8.25, 11 ], "texture": "#texture", "rotation": 270 },
				"south": { "uv": [ 8, 8, 8.25, 11 ], "texture": "#texture", "rotation": 90 },
				"west": { "uv": [ 8, 8, 8.25, 8.25 ], "texture": "#texture", "rotation": 90 },
				"east": { "uv": [ 8.25, 8.25, 8, 8 ], "texture": "#texture", "rotation": 270 }
			}
		},
		{
			"__comment": "East Arm1",
			"from": [ 10.5, 7.75, 12 ],
			"to": [ 11.25, 8.25, 12.75 ],
			"rotation": { "origin": [ 11.25, 8.249999, 12 ], "axis": "y", "angle": 45 },
			"faces": {
				"down": { "uv": [ 8, 8, 8.25, 11 ], "texture": "#texture" },
				"up": { "uv": [ 8.25, 11, 8, 8 ], "texture": "#texture" },
				"north": { "uv": [ 8, 8, 8.25, 8.25 ], "texture": "#texture", "rotation": 90 },
				"south": { "uv": [ 8.25, 8.25, 8, 8 ], "texture": "#texture", "rotation": 270 },
				"west": { "uv": [ 8, 8, 8.25, 11 ], "texture": "#texture", "rotation": 90 },
				"east": { "uv": [ 8, 8, 8.25, 11 ], "texture": "#texture", "rotation": 270 }
			}
		},
		{
			"__comment": "East Arm2",
			"from": [ 9.75, 7.875, 12.5 ],
			"to": [ 10, 8.125, 16.5 ],
			"rotation": { "origin": [ 9.749999, 8.124999, 12.5 ], "axis": "y", "angle": 45 },
			"faces": {
				"down": { "uv": [ 8, 8, 8.25, 11 ], "texture": "#texture", "rotation": 90 },
				"up": { "uv": [ 8.25, 11, 8, 8 ], "texture": "#texture", "rotation": 270 },
				"north": { "uv": [ 8, 8, 8.25, 11 ], "texture": "#texture", "rotation": 270 },
				"south": { "uv": [ 8, 8, 8.25, 11 ], "texture": "#texture", "rotation": 90 },
				"west": { "uv": [ 8, 8, 8.25, 8.25 ], "texture": "#texture", "rotation": 90 },
				"east": { "uv": [ 8.25, 8.25, 8, 8 ], "texture": "#texture", "rotation": 270 }
			}
		},
		{
			"__comment": "East Arm3",
			"from": [ 11.25, 7.875, 11.5 ],
			"to": [ 11.75, 8.125, 15 ],
			"rotation": { "origin": [ 11.25, 8.125, 11.5 ], "axis": "y", "angle": 22.5 },
			"faces": {
				"down": { "uv": [ 8, 8, 8.25, 11 ], "texture": "#texture", "rotation": 90 },
				"up": { "uv": [ 8.25, 11, 8, 8 ], "texture": "#texture", "rotation": 270 },
				"north": { "uv": [ 8, 8, 8.25, 11 ], "texture": "#texture", "rotation": 270 },
				"south": { "uv": [ 8, 8, 8.25, 11 ], "texture": "#texture", "rotation": 90 },
				"west": { "uv": [ 8, 8, 8.25, 8.25 ], "texture": "#texture", "rotation": 90 },
				"east": { "uv": [ 8.25, 8.25, 8, 8 ], "texture": "#texture", "rotation": 270 }
			}
		},
		{
			"__comment": "East Arm4",
			"from": [ 12.875, 7.75, 13.875 ],
			"to": [ 13.375, 8.25, 16.375 ],
			"rotation": { "origin": [ 12.875, 8.25, 13.875 ], "axis": "y", "angle": -22.5 },
			"faces": {
				"down": { "uv": [ 8, 12, 8.25, 15 ], "texture": "#texture", "rotation": 90 },
				"up": { "uv": [ 8.25, 15, 8, 12 ], "texture": "#texture", "rotation": 270 },
				"north": { "uv": [ 8, 12, 8.25, 15 ], "texture": "#texture", "rotation": 270 },
				"south": { "uv": [ 8, 12, 8.25, 15 ], "texture": "#texture", "rotation": 90 },
				"west": { "uv": [ 8, 12, 8.25, 12.25 ], "texture": "#texture", "rotation": 90 },
				"east": { "uv": [ 8.25, 12.25, 8, 12 ], "texture": "#texture", "rotation": 270 }
			}
		},
		{
			"__comment": "East Arm5",
			"from": [ 12, 7.875, 15.75 ],
			"to": [ 12.5, 8.125, 16.5 ],
			"rotation": { "origin": [ 12, 8.124999, 15.75 ], "axis": "y", "angle": -45 },
			"faces": {
				"down": { "uv": [ 8, 6, 8.5, 8 ], "texture": "#texture", "rotation": 90 },
				"up": { "uv": [ 8.5, 8, 8, 6 ], "texture": "#texture", "rotation": 270 },
				"north": { "uv": [ 8, 6, 8.5, 8 ], "texture": "#texture", "rotation": 270 },
				"south": { "uv": [ 8, 6, 8.5, 8 ], "texture": "#texture", "rotation": 90 },
				"west": { "uv": [ 8, 7.5, 8.25, 7.75 ], "texture": "#texture", "rotation": 90 },
				"east": { "uv": [ 8.25, 7.75, 8, 7.5 ], "texture": "#texture", "rotation": 270 }
			}
		},
		{
			"__comment": "Bottom Arm",
			"from": [ 7.5, 4.251, 11.4186 ],
			"to": [ 8.5, 5.251, 12.4186 ],
			"rotation": { "origin": [ 8.5, 5.250001, 11.375 ], "axis": "x", "angle": -22.5 },
			"faces": {
				"down": { "uv": [ 8.25, 8.25, 8, 8 ], "texture": "#texture" },
				"up": { "uv": [ 8.25, 8.25, 8, 8 ], "texture": "#texture" },
				"north": { "uv": [ 8, 8, 8.25, 11 ], "texture": "#texture", "rotation": 180 },
				"south": { "uv": [ 8, 8, 8.25, 11 ], "texture": "#texture", "rotation": 180 },
				"west": { "uv": [ 8, 8, 8.25, 11 ], "texture": "#texture", "rotation": 180 },
				"east": { "uv": [ 8, 8, 8.25, 11 ], "texture": "#texture", "rotation": 180 }
			}
		},
		{
			"__comment": "Bottom Arm1",
			"from": [ 7.75, 4, 12 ],
			"to": [ 8.25, 4.75, 12.75 ],
			"rotation": { "origin": [ 8.249999, 4.750001, 12 ], "axis": "x", "angle": -45 },
			"faces": {
				"down": { "uv": [ 8.25, 8.25, 8, 8 ], "texture": "#texture" },
				"up": { "uv": [ 8.25, 8.25, 8, 8 ], "texture": "#texture" },
				"north": { "uv": [ 8.25, 11, 8, 8 ], "texture": "#texture" },
				"south": { "uv": [ 8.25, 11, 8, 8 ], "texture": "#texture" },
				"west": { "uv": [ 8, 8, 8.25, 11 ], "texture": "#texture", "rotation": 180 },
				"east": { "uv": [ 8, 8, 8.25, 11 ], "texture": "#texture", "rotation": 180 }
			}
		},
		{
			"__comment": "Bottom Arm2",
			"from": [ 7.875, 6, 12.5 ],
			"to": [ 8.125, 6.25, 16.5 ],
			"rotation": { "origin": [ 8.124999, 6.250001, 12.5 ], "axis": "x", "angle": 45 },
			"faces": {
				"down": { "uv": [ 8.25, 8.25, 8, 8 ], "texture": "#texture" },
				"up": { "uv": [ 8.25, 8.25, 8, 8 ], "texture": "#texture" },
				"north": { "uv": [ 8, 8, 8.25, 11 ], "texture": "#texture", "rotation": 180 },
				"south": { "uv": [ 8, 8, 8.25, 11 ], "texture": "#texture", "rotation": 180 },
				"west": { "uv": [ 8, 8, 8.25, 11 ], "texture": "#texture", "rotation": 180 },
				"east": { "uv": [ 8, 8, 8.25, 11 ], "texture": "#texture", "rotation": 180 }
			}
		},
		{
			"__comment": "Bottom Arm3",
			"from": [ 7.875, 4.2505, 11.4782 ],
			"to": [ 8.125, 4.7505, 14.9782 ],
			"rotation": { "origin": [ 8.125, 4.75, 11.5 ], "axis": "x", "angle": 22.5 },
			"faces": {
				"down": { "uv": [ 8.25, 8.25, 8, 8 ], "texture": "#texture" },
				"up": { "uv": [ 8.25, 8.25, 8, 8 ], "texture": "#texture" },
				"north": { "uv": [ 8, 8, 8.25, 11 ], "texture": "#texture", "rotation": 180 },
				"south": { "uv": [ 8, 8, 8.25, 11 ], "texture": "#texture", "rotation": 180 },
				"west": { "uv": [ 8, 8, 8.25, 11 ], "texture": "#texture", "rotation": 180 },
				"east": { "uv": [ 8, 8, 8.25, 11 ], "texture": "#texture", "rotation": 180 }
			}
		},
		{
			"__comment": "Bottom Arm4",
			"from": [ 7.75, 2.6255, 13.8968 ],
			"to": [ 8.25, 3.1255, 16.3968 ],
			"rotation": { "origin": [ 8.25, 3.125002, 13.875 ], "axis": "x", "angle": -22.5 },
			"faces": {
				"down": { "uv": [ 8.25, 12.25, 8, 12 ], "texture": "#texture" },
				"up": { "uv": [ 8.25, 12.25, 8, 12 ], "texture": "#texture" },
				"north": { "uv": [ 8, 12, 8.25, 15 ], "texture": "#texture", "rotation": 180 },
				"south": { "uv": [ 8, 12, 8.25, 15 ], "texture": "#texture", "rotation": 180 },
				"west": { "uv": [ 8, 12, 8.25, 15 ], "texture": "#texture", "rotation": 180 },
				"east": { "uv": [ 8, 12, 8.25, 15 ], "texture": "#texture", "rotation": 180 }
			}
		},
		{
			"__comment": "Bottom Arm5",
			"from": [ 7.875, 3.5, 15.75 ],
			"to": [ 8.125, 4, 16.5 ],
			"rotation": { "origin": [ 8.124999, 4.000001, 15.75 ], "axis": "x", "angle": -45 },
			"faces": {
				"down": { "uv": [ 8.25, 7.75, 8, 7.5 ], "texture": "#texture" },
				"up": { "uv": [ 8.25, 7.75, 8, 7.5 ], "texture": "#texture" },
				"north": { "uv": [ 8, 6, 8.5, 8 ], "texture": "#texture", "rotation": 180 },
				"south": { "uv": [ 8, 6, 8.5, 8 ], "texture": "#texture", "rotation": 180 },
				"west": { "uv": [ 8, 6, 8.5, 8 ], "texture": "#texture", "rotation": 180 },
				"east": { "uv": [ 8, 6, 8.5, 8 ], "texture": "#texture", "rotation": 180 }
			}
		},
		{
			"__comment": "West Arm",
			"from": [ 4.251, 7.5, 11.4186 ],
			"to": [ 5.251, 8.5, 12.4186 ],
			"rotation": { "origin": [ 5.250001, 7.5, 11.375 ], "axis": "y", "angle": 22.5 },
			"faces": {
				"down": { "uv": [ 8, 8, 8.25, 11 ], "texture": "#texture", "rotation": 270 },
				"up": { "uv": [ 8.25, 11, 8, 8 ], "texture": "#texture", "rotation": 90 },
				"north": { "uv": [ 8, 8, 8.25, 11 ], "texture": "#texture", "rotation": 90 },
				"south": { "uv": [ 8, 8, 8.25, 11 ], "texture": "#texture", "rotation": 270 },
				"west": { "uv": [ 8.25, 8.25, 8, 8 ], "texture": "#texture", "rotation": 90 },
				"east": { "uv": [ 8, 8, 8.25, 8.25 ], "texture": "#texture", "rotation": 270 }
			}
		},
		{
			"__comment": "West Arm1",
			"from": [ 4, 7.75, 12 ],
			"to": [ 4.75, 8.25, 12.75 ],
			"rotation": { "origin": [ 4.750001, 7.750001, 12 ], "axis": "y", "angle": 45 },
			"faces": {
				"down": { "uv": [ 8, 8, 8.25, 11 ], "texture": "#texture", "rotation": 270 },
				"up": { "uv": [ 8.25, 11, 8, 8 ], "texture": "#texture", "rotation": 90 },
				"north": { "uv": [ 8.25, 11, 8, 8 ], "texture": "#texture", "rotation": 270 },
				"south": { "uv": [ 8.25, 11, 8, 8 ], "texture": "#texture", "rotation": 90 },
				"west": { "uv": [ 8.25, 8.25, 8, 8 ], "texture": "#texture", "rotation": 90 },
				"east": { "uv": [ 8, 8, 8.25, 8.25 ], "texture": "#texture", "rotation": 270 }
			}
		},
		{
			"__comment": "West Arm2",
			"from": [ 6, 7.875, 12.5 ],
			"to": [ 6.25, 8.125, 16.5 ],
			"rotation": { "origin": [ 6.250001, 7.875, 12.49999 ], "axis": "y", "angle": -45 },
			"faces": {
				"down": { "uv": [ 8, 8, 8.25, 11 ], "texture": "#texture", "rotation": 270 },
				"up": { "uv": [ 8.25, 11, 8, 8 ], "texture": "#texture", "rotation": 90 },
				"north": { "uv": [ 8, 8, 8.25, 11 ], "texture": "#texture", "rotation": 90 },
				"south": { "uv": [ 8, 8, 8.25, 11 ], "texture": "#texture", "rotation": 270 },
				"west": { "uv": [ 8.25, 8.25, 8, 8 ], "texture": "#texture", "rotation": 90 },
				"east": { "uv": [ 8, 8, 8.25, 8.25 ], "texture": "#texture", "rotation": 270 }
			}
		},
		{
			"__comment": "West Arm3",
			"from": [ 4.2505, 7.875, 11.4782 ],
			"to": [ 4.7505, 8.125, 14.9782 ],
			"rotation": { "origin": [ 4.75, 7.875, 11.5 ], "axis": "y", "angle": -22.5 },
			"faces": {
				"down": { "uv": [ 8, 8, 8.25, 11 ], "texture": "#texture", "rotation": 270 },
				"up": { "uv": [ 8.25, 11, 8, 8 ], "texture": "#texture", "rotation": 90 },
				"north": { "uv": [ 8, 8, 8.25, 11 ], "texture": "#texture", "rotation": 90 },
				"south": { "uv": [ 8, 8, 8.25, 11 ], "texture": "#texture", "rotation": 270 },
				"west": { "uv": [ 8.25, 8.25, 8, 8 ], "texture": "#texture", "rotation": 90 },
				"east": { "uv": [ 8, 8, 8.25, 8.25 ], "texture": "#texture", "rotation": 270 }
			}
		},
		{
			"__comment": "West Arm4",
			"from": [ 2.6255, 7.75, 13.8968 ],
			"to": [ 3.1255, 8.25, 16.3968 ],
			"rotation": { "origin": [ 3.125002, 7.749999, 13.87499 ], "axis": "y", "angle": 22.5 },
			"faces": {
				"down": { "uv": [ 8, 12, 8.25, 15 ], "texture": "#texture", "rotation": 270 },
				"up": { "uv": [ 8.25, 15, 8, 12 ], "texture": "#texture", "rotation": 90 },
				"north": { "uv": [ 8, 12, 8.25, 15 ], "texture": "#texture", "rotation": 90 },
				"south": { "uv": [ 8, 12, 8.25, 15 ], "texture": "#texture", "rotation": 270 },
				"west": { "uv": [ 8.25, 12.25, 8, 12 ], "texture": "#texture", "rotation": 90 },
				"east": { "uv": [ 8, 12, 8.25, 12.25 ], "texture": "#texture", "rotation": 270 }
			}
		},
		{
			"__comment": "West Arm5",
			"from": [ 3.5, 7.875, 15.75 ],
			"to": [ 4, 8.125, 16.5 ],
			"rotation": { "origin": [ 4.000001, 7.875, 15.74999 ], "axis": "y", "angle": 45 },
			"faces": {
				"down": { "uv": [ 8, 6, 8.5, 8 ], "texture": "#texture", "rotation": 270 },
				"up": { "uv": [ 8.5, 8, 8, 6 ], "texture": "#texture", "rotation": 90 },
				"north": { "uv": [ 8, 6, 8.5, 8 ], "texture": "#texture", "rotation": 90 },
				"south": { "uv": [ 8, 6, 8.5, 8 ], "texture": "#texture", "rotation": 270 },
				"west": { "uv": [ 8.25, 7.75, 8, 7.5 ], "texture": "#texture", "rotation": 90 },
				"east": { "uv": [ 8, 7.5, 8.25, 7.75 ], "texture": "#texture", "rotation": 270 }
			}
		},
		{
			"__comment": "Top Arm Support",
			"from": [ 7.9, 11, 11.5 ],
			"to": [ 8.099999, 12.25, 11.75 ],
			"rotation": { "origin": [ 7.9, 11, 11.5 ], "axis": "x", "angle": -22.5 },
			"faces": {
				"down": { "uv": [ 8, 12, 8.25, 12.25 ], "texture": "#texture" },
				"up": { "uv": [ 8, 12, 8.25, 12.25 ], "texture": "#texture" },
				"north": { "uv": [ 8, 12, 8.25, 15 ], "texture": "#texture" },
				"south": { "uv": [ 8, 12, 8.25, 15 ], "texture": "#texture" },
				"west": { "uv": [ 8, 12, 8.25, 15 ], "texture": "#texture" },
				"east": { "uv": [ 8, 12, 8.25, 15 ], "texture": "#texture" }
			}
		},
		{
			"__comment": "Top Arm Support",
			"from": [ 8.099999, 12, 11 ],
			"to": [ 8.349999, 12.25, 12.75 ],
			"rotation": { "origin": [ 8.125, 12.25, 11 ], "axis": "x", "angle": -45 },
			"faces": {
				"down": { "uv": [ 8, 12, 8.25, 15 ], "texture": "#texture" },
				"up": { "uv": [ 8.5, 15, 8.25, 12 ], "texture": "#texture" },
				"north": { "uv": [ 8.5, 12.5, 8.25, 12.25 ], "texture": "#texture" },
				"south": { "uv": [ 8, 12, 8.25, 12.25 ], "texture": "#texture" },
				"west": { "uv": [ 8, 12, 8.25, 15 ], "texture": "#texture", "rotation": 90 },
				"east": { "uv": [ 8, 12, 8.25, 15 ], "texture": "#texture", "rotation": 270 }
			}
		},
		{
			"__comment": "Top Arm Support",
			"from": [ 7.9, 12.8752, 12.1141 ],
			"to": [ 8.099999, 13.1252, 13.8641 ],
			"rotation": { "origin": [ 7.9, 13.125, 12.125 ], "axis": "x", "angle": 22.5 },
			"faces": {
				"down": { "uv": [ 8, 12, 8.25, 15 ], "texture": "#texture" },
				"up": { "uv": [ 8.5, 15, 8.25, 12 ], "texture": "#texture" },
				"north": { "uv": [ 8.5, 12.5, 8.25, 12.25 ], "texture": "#texture" },
				"south": { "uv": [ 8, 12, 8.25, 12.25 ], "texture": "#texture" },
				"west": { "uv": [ 8, 12, 8.25, 15 ], "texture": "#texture", "rotation": 90 },
				"east": { "uv": [ 8, 12, 8.25, 15 ], "texture": "#texture", "rotation": 270 }
			}
		},
		{
			"__comment": "Top Arm Support",
			"from": [ 7.65, 12, 11 ],
			"to": [ 7.9, 12.25, 12.75 ],
			"rotation": { "origin": [ 7.625, 12.25, 11 ], "axis": "x", "angle": -45 },
			"faces": {
				"down": { "uv": [ 8, 12, 8.25, 15 ], "texture": "#texture" },
				"up": { "uv": [ 8.5, 15, 8.25, 12 ], "texture": "#texture" },
				"north": { "uv": [ 8.5, 12.5, 8.25, 12.25 ], "texture": "#texture" },
				"south": { "uv": [ 8, 12, 8.25, 12.25 ], "texture": "#texture" },
				"west": { "uv": [ 8, 12, 8.25, 15 ], "texture": "#texture", "rotation": 90 },
				"east": { "uv": [ 8, 12, 8.25, 15 ], "texture": "#texture", "rotation": 270 }
			}
		},
		{
			"__comment": "East Arm Support",
			"from": [ 11, 7.9, 11.5 ],
			"to": [ 12.25, 8.099999, 11.75 ],
			"rotation": { "origin": [ 11, 8, 11.5 ], "axis": "y", "angle": 22.5 },
			"faces": {
				"down": { "uv": [ 8, 12, 8.25, 15 ], "texture": "#texture", "rotation": 90 },
				"up": { "uv": [ 8.25, 15, 8, 12 ], "texture": "#texture", "rotation": 270 },
				"north": { "uv": [ 8, 12, 8.25, 15 ], "texture": "#texture", "rotation": 270 },
				"south": { "uv": [ 8, 12, 8.25, 15 ], "texture": "#texture", "rotation": 90 },
				"west": { "uv": [ 8, 12, 8.25, 12.25 ], "texture": "#texture", "rotation": 90 },
				"east": { "uv": [ 8.25, 12.25, 8, 12 ], "texture": "#texture", "rotation": 270 }
			}
		},
		{
			"__comment": "East Arm Support1",
			"from": [ 12, 7.65, 11 ],
			"to": [ 12.25, 7.9, 12.75 ],
			"rotation": { "origin": [ 12.25, 7.875, 11 ], "axis": "y", "angle": 45 },
			"faces": {
				"down": { "uv": [ 8, 12, 8.25, 15 ], "texture": "#texture" },
				"up": { "uv": [ 8.25, 15, 8, 12 ], "texture": "#texture" },
				"north": { "uv": [ 8.5, 12.5, 8.25, 12.25 ], "texture": "#texture", "rotation": 270 },
				"south": { "uv": [ 8, 12, 8.25, 12.25 ], "texture": "#texture", "rotation": 90 },
				"west": { "uv": [ 8, 12, 8.25, 15 ], "texture": "#texture", "rotation": 90 },
				"east": { "uv": [ 8.25, 12, 8.5, 15 ], "texture": "#texture", "rotation": 270 }
			}
		},
		{
			"__comment": "East Arm Support2",
			"from": [ 12.8752, 7.9, 12.1141 ],
			"to": [ 13.1252, 8.099999, 13.8641 ],
			"rotation": { "origin": [ 13.125, 8.099999, 12.125 ], "axis": "y", "angle": -22.5 },
			"faces": {
				"down": { "uv": [ 8, 12, 8.25, 15 ], "texture": "#texture" },
				"up": { "uv": [ 8.25, 15, 8, 12 ], "texture": "#texture" },
				"north": { "uv": [ 8.5, 12.5, 8.25, 12.25 ], "texture": "#texture", "rotation": 270 },
				"south": { "uv": [ 8, 12, 8.25, 12.25 ], "texture": "#texture", "rotation": 90 },
				"west": { "uv": [ 8, 12, 8.25, 15 ], "texture": "#texture", "rotation": 90 },
				"east": { "uv": [ 8.25, 12, 8.5, 15 ], "texture": "#texture", "rotation": 270 }
			}
		},
		{
			"__comment": "East Arm Support3",
			"from": [ 12, 8.099999, 11 ],
			"to": [ 12.25, 8.349999, 12.75 ],
			"rotation": { "origin": [ 12.25, 8.375, 11 ], "axis": "y", "angle": 45 },
			"faces": {
				"down": { "uv": [ 8, 12, 8.25, 15 ], "texture": "#texture" },
				"up": { "uv": [ 8.25, 15, 8, 12 ], "texture": "#texture" },
				"north": { "uv": [ 8.5, 12.5, 8.25, 12.25 ], "texture": "#texture", "rotation": 270 },
				"south": { "uv": [ 8, 12, 8.25, 12.25 ], "texture": "#texture", "rotation": 90 },
				"west": { "uv": [ 8, 12, 8.25, 15 ], "texture": "#texture", "rotation": 90 },
				"east": { "uv": [ 8.25, 12, 8.5, 15 ], "texture": "#texture", "rotation": 270 }
			}
		},
		{
			"__comment": "Bottom Arm Support",
			"from": [ 7.9, 3.7512, 11.4454 ],
			"to": [ 8.099999, 5.0012, 11.6954 ],
			"rotation": { "origin": [ 8.125, 5, 11.5 ], "axis": "x", "angle": 22.5 },
			"faces": {
				"down": { "uv": [ 8.25, 12.25, 8, 12 ], "texture": "#texture" },
				"up": { "uv": [ 8.25, 12.25, 8, 12 ], "texture": "#texture" },
				"north": { "uv": [ 8, 12, 8.25, 15 ], "texture": "#texture", "rotation": 180 },
				"south": { "uv": [ 8, 12, 8.25, 15 ], "texture": "#texture", "rotation": 180 },
				"west": { "uv": [ 8, 12, 8.25, 15 ], "texture": "#texture", "rotation": 180 },
				"east": { "uv": [ 8, 12, 8.25, 15 ], "texture": "#texture", "rotation": 180 }
			}
		},
		{
			"__comment": "Bottom Arm Support1",
			"from": [ 7.65, 3.75, 11 ],
			"to": [ 7.9, 4, 12.75 ],
			"rotation": { "origin": [ 7.875, 3.750002, 11 ], "axis": "x", "angle": 45 },
			"faces": {
				"down": { "uv": [ 8.25, 12, 8.5, 15 ], "texture": "#texture" },
				"up": { "uv": [ 8.25, 15, 8, 12 ], "texture": "#texture" },
				"north": { "uv": [ 8.5, 12.5, 8.25, 12.25 ], "texture": "#texture", "rotation": 180 },
				"south": { "uv": [ 8, 12, 8.25, 12.25 ], "texture": "#texture", "rotation": 180 },
				"west": { "uv": [ 8, 12, 8.25, 15 ], "texture": "#texture", "rotation": 90 },
				"east": { "uv": [ 8, 12, 8.25, 15 ], "texture": "#texture", "rotation": 270 }
			}
		},
		{
			"__comment": "Bottom Arm Support2",
			"from": [ 7.9, 2.875, 12.125 ],
			"to": [ 8.099999, 3.125, 13.875 ],
			"rotation": { "origin": [ 8.099999, 2.875002, 12.125 ], "axis": "x", "angle": -22.5 },
			"faces": {
				"down": { "uv": [ 8.25, 12, 8.5, 15 ], "texture": "#texture" },
				"up": { "uv": [ 8.25, 15, 8, 12 ], "texture": "#texture" },
				"north": { "uv": [ 8.5, 12.5, 8.25, 12.25 ], "texture": "#texture", "rotation": 180 },
				"south": { "uv": [ 8, 12, 8.25, 12.25 ], "texture": "#texture", "rotation": 180 },
				"west": { "uv": [ 8, 12, 8.25, 15 ], "texture": "#texture", "rotation": 90 },
				"east": { "uv": [ 8, 12, 8.25, 15 ], "texture": "#texture", "rotation": 270 }
			}
		},
		{
			"__comment": "Bottom Arm Support3",
			"from": [ 8.099999, 3.75, 11 ],
			"to": [ 8.349999, 4, 12.75 ],
			"rotation": { "origin": [ 8.375, 3.750002, 11 ], "axis": "x", "angle": 45 },
			"faces": {
				"down": { "uv": [ 8.25, 12, 8.5, 15 ], "texture": "#texture" },
				"up": { "uv": [ 8.25, 15, 8, 12 ], "texture": "#texture" },
				"north": { "uv": [ 8.5, 12.5, 8.25, 12.25 ], "texture": "#texture", "rotation": 180 },
				"south": { "uv": [ 8, 12, 8.25, 12.25 ], "texture": "#texture", "rotation": 180 },
				"west": { "uv": [ 8, 12, 8.25, 15 ], "texture": "#texture", "rotation": 90 },
				"east": { "uv": [ 8, 12, 8.25, 15 ], "texture": "#texture", "rotation": 270 }
			}
		},
		{
			"__comment": "West Arm Support",
			"from": [ 3.7512, 7.9, 11.4454 ],
			"to": [ 5.0012, 8.099999, 11.6954 ],
			"rotation": { "origin": [ 5, 8, 11.5 ], "axis": "y", "angle": -22.5 },
			"faces": {
				"down": { "uv": [ 8, 12, 8.25, 15 ], "texture": "#texture", "rotation": 270 },
				"up": { "uv": [ 8.25, 15, 8, 12 ], "texture": "#texture", "rotation": 90 },
				"north": { "uv": [ 8, 12, 8.25, 15 ], "texture": "#texture", "rotation": 90 },
				"south": { "uv": [ 8, 12, 8.25, 15 ], "texture": "#texture", "rotation": 270 },
				"west": { "uv": [ 8.25, 12.25, 8, 12 ], "texture": "#texture", "rotation": 90 },
				"east": { "uv": [ 8, 12, 8.25, 12.25 ], "texture": "#texture", "rotation": 270 }
			}
		},
		{
			"__comment": "West Arm Support1",
			"from": [ 3.75, 8.099999, 11 ],
			"to": [ 4, 8.349999, 12.75 ],
			"rotation": { "origin": [ 3.750002, 8.124999, 11 ], "axis": "y", "angle": -45 },
			"faces": {
				"down": { "uv": [ 8, 12, 8.25, 15 ], "texture": "#texture" },
				"up": { "uv": [ 8.25, 15, 8, 12 ], "texture": "#texture" },
				"north": { "uv": [ 8.5, 12.5, 8.25, 12.25 ], "texture": "#texture", "rotation": 90 },
				"south": { "uv": [ 8, 12, 8.25, 12.25 ], "texture": "#texture", "rotation": 270 },
				"west": { "uv": [ 8.25, 12, 8.5, 15 ], "texture": "#texture", "rotation": 90 },
				"east": { "uv": [ 8, 12, 8.25, 15 ], "texture": "#texture", "rotation": 270 }
			}
		},
		{
			"__comment": "West Arm Support2",
			"from": [ 2.875, 7.9, 12.125 ],
			"to": [ 3.125, 8.099999, 13.875 ],
			"rotation": { "origin": [ 2.875002, 7.900001, 12.12499 ], "axis": "y", "angle": 22.5 },
			"faces": {
				"down": { "uv": [ 8, 12, 8.25, 15 ], "texture": "#texture" },
				"up": { "uv": [ 8.25, 15, 8, 12 ], "texture": "#texture" },
				"north": { "uv": [ 8.5, 12.5, 8.25, 12.25 ], "texture": "#texture", "rotation": 90 },
				"south": { "uv": [ 8, 12, 8.25, 12.25 ], "texture": "#texture", "rotation": 270 },
				"west": { "uv": [ 8.25, 12, 8.5, 15 ], "texture": "#texture", "rotation": 90 },
				"east": { "uv": [ 8, 12, 8.25, 15 ], "texture": "#texture", "rotation": 270 }
			}
		},
		{
			"__comment": "West Arm Support3",
			"from": [ 3.75, 7.65, 11 ],
			"to": [ 4, 7.9, 12.75 ],
			"rotation": { "origin": [ 3.750002, 7.625, 11 ], "axis": "y", "angle": -45 },
			"faces": {
				"down": { "uv": [ 8, 12, 8.25, 15 ], "texture": "#texture" },
				"up": { "uv": [ 8.25, 15, 8, 12 ], "texture": "#texture" },
				"north": { "uv": [ 8.5, 12.5, 8.25, 12.25 ], "texture": "#texture", "rotation": 90 },
				"south": { "uv": [ 8, 12, 8.25, 12.25 ], "texture": "#texture", "rotation": 270 },
				"west": { "uv": [ 8.25, 12, 8.5, 15 ], "texture": "#texture", "rotation": 90 },
				"east": { "uv": [ 8, 12, 8.25, 15 ], "texture": "#texture", "rotation": 270 }
			}
		},
		{
			"__comment": "Cube11",
			"from": [ 8.5, 5, 2 ],
			"to": [ 9.5, 11, 4 ],
			"faces": {
				"down": { "uv": [ 10, 15, 16, 16 ], "texture": "#texture" },
				"up": { "uv": [ 10, 15, 16, 16 ], "texture": "#texture" },
				"north": { "uv": [ 10, 13, 16, 16 ], "texture": "#texture" },
				"south": { "uv": [ 10, 13, 16, 16 ], "texture": "#texture" },
				"west": { "uv": [ 15, 13, 16, 16 ], "texture": "#texture" },
				"east": { "uv": [ 15, 13, 16, 16 ], "texture": "#texture" }
			}
		},
		{
			"__comment": "Cube11",
			"from": [ 9.5, 6.5872, 0.0019 ],
			"to": [ 11, 7.5872, 2.0019 ],
			"rotation": { "origin": [ 9.5, 6.5, 2 ], "axis": "x", "angle": 22.5 },
			"faces": {
				"down": { "uv": [ 10, 15, 16, 16 ], "texture": "#texture" },
				"up": { "uv": [ 10, 15, 16, 16 ], "texture": "#texture" },
				"north": { "uv": [ 10, 13, 16, 16 ], "texture": "#texture" },
				"south": { "uv": [ 10, 13, 16, 16 ], "texture": "#texture" },
				"west": { "uv": [ 15, 13, 16, 16 ], "texture": "#texture" },
				"east": { "uv": [ 15, 13, 16, 16 ], "texture": "#texture" }
			}
		},
		{
			"__comment": "Cube11",
			"from": [ 9.5, 8.5, 0 ],
			"to": [ 11, 9.5, 2 ],
			"rotation": { "origin": [ 9.5, 9.5, 2 ], "axis": "x", "angle": -22.5 },
			"faces": {
				"down": { "uv": [ 10, 15, 16, 16 ], "texture": "#texture" },
				"up": { "uv": [ 10, 15, 16, 16 ], "texture": "#texture" },
				"north": { "uv": [ 16, 16, 10, 13 ], "texture": "#texture" },
				"south": { "uv": [ 16, 16, 10, 13 ], "texture": "#texture" },
				"west": { "uv": [ 15, 13, 16, 16 ], "texture": "#texture", "rotation": 180 },
				"east": { "uv": [ 15, 13, 16, 16 ], "texture": "#texture", "rotation": 180 }
			}
		},
		{
			"__comment": "Cube11",
			"from": [ 5, 8.5, 0 ],
			"to": [ 6.5, 9.5, 2 ],
			"rotation": { "origin": [ 5, 9.5, 2 ], "axis": "x", "angle": -22.5 },
			"faces": {
				"down": { "uv": [ 10, 15, 16, 16 ], "texture": "#texture" },
				"up": { "uv": [ 10, 15, 16, 16 ], "texture": "#texture" },
				"north": { "uv": [ 16, 16, 10, 13 ], "texture": "#texture" },
				"south": { "uv": [ 16, 16, 10, 13 ], "texture": "#texture" },
				"west": { "uv": [ 15, 13, 16, 16 ], "texture": "#texture", "rotation": 180 },
				"east": { "uv": [ 15, 13, 16, 16 ], "texture": "#texture", "rotation": 180 }
			}
		},
		{
			"__comment": "Cube11",
			"from": [ 5, 6.5247, 0.0019 ],
			"to": [ 6.5, 7.5247, 2.0019 ],
			"rotation": { "origin": [ 5, 6.4375, 2 ], "axis": "x", "angle": 22.5 },
			"faces": {
				"down": { "uv": [ 10, 15, 16, 16 ], "texture": "#texture" },
				"up": { "uv": [ 10, 15, 16, 16 ], "texture": "#texture" },
				"north": { "uv": [ 10, 13, 16, 16 ], "texture": "#texture" },
				"south": { "uv": [ 10, 13, 16, 16 ], "texture": "#texture" },
				"west": { "uv": [ 15, 13, 16, 16 ], "texture": "#texture" },
				"east": { "uv": [ 15, 13, 16, 16 ], "texture": "#texture" }
			}
		},
		{
			"__comment": "Cube11",
			"from": [ 7.5, 6.75, -4 ],
			"to": [ 8.5, 8.5, -1.25 ],
			"rotation": { "origin": [ 7.5, 8.5, -1.25 ], "axis": "x", "angle": 22.5 },
			"faces": {
				"down": { "uv": [ 10, 11, 16, 12 ], "texture": "#texture" },
				"up": { "uv": [ 10, 11, 16, 12 ], "texture": "#texture" },
				"north": { "uv": [ 16, 12, 10, 9 ], "texture": "#texture" },
				"south": { "uv": [ 16, 12, 10, 9 ], "texture": "#texture" },
				"west": { "uv": [ 15, 9, 16, 12 ], "texture": "#texture", "rotation": 180 },
				"east": { "uv": [ 15, 9, 16, 12 ], "texture": "#texture", "rotation": 180 }
			}
		},
		{
			"__comment": "Cube11",
			"from": [ 8.5, 8.25, 0.125 ],
			"to": [ 9.5, 10.25, 2.125 ],
			"rotation": { "origin": [ 8.5, 10.25, 0.125 ], "axis": "x", "angle": 22.5 },
			"faces": {
				"down": { "uv": [ 10, 13, 16, 16 ], "texture": "#texture" },
				"up": { "uv": [ 16, 16, 10, 13 ], "texture": "#texture" },
				"north": { "uv": [ 16, 16, 10, 15 ], "texture": "#texture" },
				"south": { "uv": [ 10, 15, 16, 16 ], "texture": "#texture" },
				"west": { "uv": [ 15, 13, 16, 16 ], "texture": "#texture", "rotation": 90 },
				"east": { "uv": [ 15, 13, 16, 16 ], "texture": "#texture", "rotation": 270 }
			}
		},
		{
			"__comment": "Cube11",
			"from": [ 7.5, 5.25, 2 ],
			"to": [ 8.5, 10.75, 4 ],
			"faces": {
				"down": { "uv": [ 10, 15, 16, 16 ], "texture": "#texture" },
				"up": { "uv": [ 10, 15, 16, 16 ], "texture": "#texture" },
				"north": { "uv": [ 10, 13, 16, 16 ], "texture": "#texture" },
				"south": { "uv": [ 10, 13, 16, 16 ], "texture": "#texture" },
				"west": { "uv": [ 15, 13, 16, 16 ], "texture": "#texture" },
				"east": { "uv": [ 15, 13, 16, 16 ], "texture": "#texture" }
			}
		},
		{
			"__comment": "Cube11",
			"from": [ 6.5, 5, 2 ],
			"to": [ 7.5, 11, 4 ],
			"faces": {
				"down": { "uv": [ 10, 15, 16, 16 ], "texture": "#texture" },
				"up": { "uv": [ 10, 15, 16, 16 ], "texture": "#texture" },
				"north": { "uv": [ 10, 13, 16, 16 ], "texture": "#texture" },
				"south": { "uv": [ 10, 13, 16, 16 ], "texture": "#texture" },
				"west": { "uv": [ 15, 13, 16, 16 ], "texture": "#texture" },
				"east": { "uv": [ 15, 13, 16, 16 ], "texture": "#texture" }
			}
		},
		{
			"__comment": "Cube11",
			"from": [ 8.5, 9, 0 ],
			"to": [ 9.5, 11, 2 ],
			"rotation": { "origin": [ 8.5, 11, 2 ], "axis": "x", "angle": -22.5 },
			"faces": {
				"down": { "uv": [ 10, 15, 16, 16 ], "texture": "#texture" },
				"up": { "uv": [ 10, 15, 16, 16 ], "texture": "#texture" },
				"north": { "uv": [ 16, 16, 10, 13 ], "texture": "#texture" },
				"south": { "uv": [ 16, 16, 10, 13 ], "texture": "#texture" },
				"west": { "uv": [ 15, 13, 16, 16 ], "texture": "#texture", "rotation": 180 },
				"east": { "uv": [ 15, 13, 16, 16 ], "texture": "#texture", "rotation": 180 }
			}
		},
		{
			"__comment": "Cube11",
			"from": [ 7.5, 7.6375, -0.5 ],
			"to": [ 8.5, 9.6375, 1.5 ],
			"rotation": { "origin": [ 7.5, 7.6375, -0.5 ], "axis": "x", "angle": 45 },
			"faces": {
				"down": { "uv": [ 10, 15, 16, 16 ], "texture": "#texture" },
				"up": { "uv": [ 10, 15, 16, 16 ], "texture": "#texture" },
				"north": { "uv": [ 10, 13, 16, 16 ], "texture": "#texture" },
				"south": { "uv": [ 10, 13, 16, 16 ], "texture": "#texture" },
				"west": { "uv": [ 15, 13, 16, 16 ], "texture": "#texture" },
				"east": { "uv": [ 15, 13, 16, 16 ], "texture": "#texture" }
			}
		},
		{
			"__comment": "Cube11",
			"from": [ 8.5, 5, 0 ],
			"to": [ 9.5, 7, 2 ],
			"rotation": { "origin": [ 8.5, 5, 2 ], "axis": "x", "angle": 22.5 },
			"faces": {
				"down": { "uv": [ 16, 16, 10, 13 ], "texture": "#texture" },
				"up": { "uv": [ 10, 13, 16, 16 ], "texture": "#texture" },
				"north": { "uv": [ 16, 16, 10, 15 ], "texture": "#texture" },
				"south": { "uv": [ 10, 15, 16, 16 ], "texture": "#texture" },
				"west": { "uv": [ 15, 13, 16, 16 ], "texture": "#texture", "rotation": 270 },
				"east": { "uv": [ 15, 13, 16, 16 ], "texture": "#texture", "rotation": 90 }
			}
		},
		{
			"__comment": "Cube11",
			"from": [ 8.5, 5.75, 0.125 ],
			"to": [ 9.5, 7.75, 2.125 ],
			"rotation": { "origin": [ 8.5, 5.75, 0.125 ], "axis": "x", "angle": -22.5 },
			"faces": {
				"down": { "uv": [ 10, 15, 16, 16 ], "texture": "#texture" },
				"up": { "uv": [ 10, 15, 16, 16 ], "texture": "#texture" },
				"north": { "uv": [ 10, 13, 16, 16 ], "texture": "#texture" },
				"south": { "uv": [ 10, 13, 16, 16 ], "texture": "#texture" },
				"west": { "uv": [ 15, 13, 16, 16 ], "texture": "#texture" },
				"east": { "uv": [ 15, 13, 16, 16 ], "texture": "#texture" }
			}
		},
		{
			"__comment": "Cube11",
			"from": [ 7.5, 5.25, 0 ],
			"to": [ 8.5, 7.25, 2 ],
			"rotation": { "origin": [ 7.5, 5.25, 2 ], "axis": "x", "angle": 22.5 },
			"faces": {
				"down": { "uv": [ 16, 16, 10, 13 ], "texture": "#texture" },
				"up": { "uv": [ 10, 13, 16, 16 ], "texture": "#texture" },
				"north": { "uv": [ 16, 16, 10, 15 ], "texture": "#texture" },
				"south": { "uv": [ 10, 15, 16, 16 ], "texture": "#texture" },
				"west": { "uv": [ 15, 13, 16, 16 ], "texture": "#texture", "rotation": 270 },
				"east": { "uv": [ 15, 13, 16, 16 ], "texture": "#texture", "rotation": 90 }
			}
		},
		{
			"__comment": "Cube11",
			"from": [ 7.5, 6, 0.1875 ],
			"to": [ 8.5, 10, 2.1875 ],
			"faces": {
				"down": { "uv": [ 10, 13, 16, 16 ], "texture": "#texture" },
				"up": { "uv": [ 16, 16, 10, 13 ], "texture": "#texture" },
				"north": { "uv": [ 16, 16, 10, 15 ], "texture": "#texture" },
				"south": { "uv": [ 10, 15, 16, 16 ], "texture": "#texture" },
				"west": { "uv": [ 15, 13, 16, 16 ], "texture": "#texture", "rotation": 90 },
				"east": { "uv": [ 15, 13, 16, 16 ], "texture": "#texture", "rotation": 270 }
			}
		},
		{
			"__comment": "Cube11",
			"from": [ 6.5, 9, 0 ],
			"to": [ 7.5, 11, 2 ],
			"rotation": { "origin": [ 6.5, 11, 2 ], "axis": "x", "angle": -22.5 },
			"faces": {
				"down": { "uv": [ 10, 15, 16, 16 ], "texture": "#texture" },
				"up": { "uv": [ 10, 15, 16, 16 ], "texture": "#texture" },
				"north": { "uv": [ 16, 16, 10, 13 ], "texture": "#texture" },
				"south": { "uv": [ 16, 16, 10, 13 ], "texture": "#texture" },
				"west": { "uv": [ 15, 13, 16, 16 ], "texture": "#texture", "rotation": 180 },
				"east": { "uv": [ 15, 13, 16, 16 ], "texture": "#texture", "rotation": 180 }
			}
		},
		{
			"__comment": "Cube11",
			"from": [ 6.5, 5, 0 ],
			"to": [ 7.5, 7, 2 ],
			"rotation": { "origin": [ 6.5, 5, 2 ], "axis": "x", "angle": 22.5 },
			"faces": {
				"down": { "uv": [ 16, 16, 10, 13 ], "texture": "#texture" },
				"up": { "uv": [ 10, 13, 16, 16 ], "texture": "#texture" },
				"north": { "uv": [ 16, 16, 10, 15 ], "texture": "#texture" },
				"south": { "uv": [ 10, 15, 16, 16 ], "texture": "#texture" },
				"west": { "uv": [ 15, 13, 16, 16 ], "texture": "#texture", "rotation": 270 },
				"east": { "uv": [ 15, 13, 16, 16 ], "texture": "#texture", "rotation": 90 }
			}
		},
		{
			"__comment": "Cube11",
			"from": [ 7.5, 8.75, 0 ],
			"to": [ 8.5, 10.75, 2 ],
			"rotation": { "origin": [ 7.5, 10.75, 2 ], "axis": "x", "angle": -22.5 },
			"faces": {
				"down": { "uv": [ 10, 15, 16, 16 ], "texture": "#texture" },
				"up": { "uv": [ 10, 15, 16, 16 ], "texture": "#texture" },
				"north": { "uv": [ 16, 16, 10, 13 ], "texture": "#texture" },
				"south": { "uv": [ 16, 16, 10, 13 ], "texture": "#texture" },
				"west": { "uv": [ 15, 13, 16, 16 ], "texture": "#texture", "rotation": 180 },
				"east": { "uv": [ 15, 13, 16, 16 ], "texture": "#texture", "rotation": 180 }
			}
		},
		{
			"__comment": "Cube11",
			"from": [ 6.5, 8.25, 0.125 ],
			"to": [ 7.5, 10.25, 2.125 ],
			"rotation": { "origin": [ 6.5, 10.25, 0.125 ], "axis": "x", "angle": 22.5 },
			"faces": {
				"down": { "uv": [ 10, 13, 16, 16 ], "texture": "#texture" },
				"up": { "uv": [ 16, 16, 10, 13 ], "texture": "#texture" },
				"north": { "uv": [ 16, 16, 10, 15 ], "texture": "#texture" },
				"south": { "uv": [ 10, 15, 16, 16 ], "texture": "#texture" },
				"west": { "uv": [ 15, 13, 16, 16 ], "texture": "#texture", "rotation": 90 },
				"east": { "uv": [ 15, 13, 16, 16 ], "texture": "#texture", "rotation": 270 }
			}
		},
		{
			"__comment": "Cube11",
			"from": [ 6.5, 5.75, 0.125 ],
			"to": [ 7.5, 7.75, 2.125 ],
			"rotation": { "origin": [ 6.5, 5.75, 0.125 ], "axis": "x", "angle": -22.5 },
			"faces": {
				"down": { "uv": [ 10, 15, 16, 16 ], "texture": "#texture" },
				"up": { "uv": [ 10, 15, 16, 16 ], "texture": "#texture" },
				"north": { "uv": [ 10, 13, 16, 16 ], "texture": "#texture" },
				"south": { "uv": [ 10, 13, 16, 16 ], "texture": "#texture" },
				"west": { "uv": [ 15, 13, 16, 16 ], "texture": "#texture" },
				"east": { "uv": [ 15, 13, 16, 16 ], "texture": "#texture" }
			}
		},
		{
			"__comment": "Cube11",
			"from": [ 7.5, 8.375, -0.5 ],
			"to": [ 8.5, 10.375, 1.5 ],
			"rotation": { "origin": [ 7.5, 8.375, -0.5 ], "axis": "x", "angle": 45 },
			"faces": {
				"down": { "uv": [ 10, 15, 16, 16 ], "texture": "#texture" },
				"up": { "uv": [ 10, 15, 16, 16 ], "texture": "#texture" },
				"north": { "uv": [ 10, 13, 16, 16 ], "texture": "#texture" },
				"south": { "uv": [ 10, 13, 16, 16 ], "texture": "#texture" },
				"west": { "uv": [ 15, 13, 16, 16 ], "texture": "#texture" },
				"east": { "uv": [ 15, 13, 16, 16 ], "texture": "#texture" }
			}
		},
		{
			"__comment": "Cube11",
			"from": [ 6.5, 7.6125, -0.625 ],
			"to": [ 9.5, 8.4375, 0.625 ],
			"faces": {
				"down": { "uv": [ 10, 15, 16, 16 ], "texture": "#texture" },
				"up": { "uv": [ 10, 15, 16, 16 ], "texture": "#texture" },
				"north": { "uv": [ 16, 16, 10, 13 ], "texture": "#texture" },
				"south": { "uv": [ 16, 16, 10, 13 ], "texture": "#texture" },
				"west": { "uv": [ 15, 13, 16, 16 ], "texture": "#texture", "rotation": 180 },
				"east": { "uv": [ 15, 13, 16, 16 ], "texture": "#texture", "rotation": 180 }
			}
		},
		{
			"__comment": "Cube11",
			"from": [ 7.75, 7.75, -2.5 ],
			"to": [ 8.25, 9, 0 ],
			"rotation": { "origin": [ 7.75, 9, 0 ], "axis": "x", "angle": -22.5 },
			"faces": {
				"down": { "uv": [ 10, 11, 16, 12 ], "texture": "#texture" },
				"up": { "uv": [ 10, 11, 16, 12 ], "texture": "#texture" },
				"north": { "uv": [ 16, 12, 10, 9 ], "texture": "#texture" },
				"south": { "uv": [ 16, 12, 10, 9 ], "texture": "#texture" },
				"west": { "uv": [ 15, 9, 16, 12 ], "texture": "#texture", "rotation": 180 },
				"east": { "uv": [ 15, 9, 16, 12 ], "texture": "#texture", "rotation": 180 }
			}
		},
		{
			"__comment": "Cube11",
			"from": [ 5, 7.25, 0.25 ],
			"to": [ 11, 8.75, 2 ],
			"faces": {
				"down": { "uv": [ 10, 15, 16, 16 ], "texture": "#texture" },
				"up": { "uv": [ 10, 15, 16, 16 ], "texture": "#texture" },
				"north": { "uv": [ 10, 13, 16, 16 ], "texture": "#texture" },
				"south": { "uv": [ 10, 13, 16, 16 ], "texture": "#texture" },
				"west": { "uv": [ 15, 13, 16, 16 ], "texture": "#texture" },
				"east": { "uv": [ 15, 13, 16, 16 ], "texture": "#texture" }
			}
		},
		{
			"__comment": "Cube11",
			"from": [ 12.5, 7.75, 1.25 ],
			"to": [ 14, 8.25, 1.75 ],
			"faces": {
				"down": { "uv": [ 12.5, 14.25, 14, 14.75 ], "texture": "#texture" },
				"up": { "uv": [ 14.5, 10.5, 16, 11 ], "texture": "#texture" },
				"north": { "uv": [ 14, 10, 15.5, 10.5 ], "texture": "#texture" },
				"south": { "uv": [ 12, 8, 13.5, 8.5 ], "texture": "#texture" },
				"west": { "uv": [ 15.5, 8.5, 16, 9 ], "texture": "#texture" },
				"east": { "uv": [ 12, 10, 12.5, 10.5 ], "texture": "#texture" }
			}
		},
		{
			"__comment": "Cube11",
			"from": [ 8, 6.5, 2.1875 ],
			"to": [ 12, 7.5607, 3.24816 ],
			"rotation": { "origin": [ 8, 6.5, 2.1875 ], "axis": "x", "angle": -45 },
			"faces": {
				"down": { "uv": [ 0, 15, 6, 16 ], "texture": "#texture" },
				"up": { "uv": [ 0, 15, 6, 16 ], "texture": "#texture" },
				"north": { "uv": [ 0, 13, 6, 16 ], "texture": "#texture" },
				"south": { "uv": [ 0, 13, 6, 16 ], "texture": "#texture" },
				"west": { "uv": [ 0, 13, 1, 16 ], "texture": "#texture" },
				"east": { "uv": [ 0, 13, 1, 16 ], "texture": "#texture" }
			}
		},
		{
			"__comment": "Cube11",
			"from": [ 8, 7.25, -0.0625 ],
			"to": [ 12, 8.75, 2.9375 ],
			"faces": {
				"down": { "uv": [ 0, 15, 6, 16 ], "texture": "#texture" },
				"up": { "uv": [ 0, 15, 6, 16 ], "texture": "#texture" },
				"north": { "uv": [ 0, 13, 6, 16 ], "texture": "#texture" },
				"south": { "uv": [ 0, 13, 6, 16 ], "texture": "#texture" },
				"west": { "uv": [ 0, 13, 1, 16 ], "texture": "#texture" },
				"east": { "uv": [ 0, 13, 1, 16 ], "texture": "#texture" }
			}
		},
		{
			"__comment": "Cube11",
			"from": [ 8, 8.4393, 2.1875 ],
			"to": [ 12, 9.49996, 3.2482 ],
			"rotation": { "origin": [ 8, 9.5, 2.1875 ], "axis": "x", "angle": 45 },
			"faces": {
				"down": { "uv": [ 0, 13, 6, 16 ], "texture": "#texture" },
				"up": { "uv": [ 6, 16, 0, 13 ], "texture": "#texture" },
				"north": { "uv": [ 6, 16, 0, 15 ], "texture": "#texture" },
				"south": { "uv": [ 0, 15, 6, 16 ], "texture": "#texture" },
				"west": { "uv": [ 0, 13, 1, 16 ], "texture": "#texture", "rotation": 90 },
				"east": { "uv": [ 0, 13, 1, 16 ], "texture": "#texture", "rotation": 270 }
			}
		},
		{
			"__comment": "Cube11",
			"from": [ 8, 8.4393, 0.6875 ],
			"to": [ 12, 9.49996, 1.7482 ],
			"rotation": { "origin": [ 8, 9.5, 0.6875 ], "axis": "x", "angle": 45 },
			"faces": {
				"down": { "uv": [ 0, 13, 6, 16 ], "texture": "#texture" },
				"up": { "uv": [ 6, 16, 0, 13 ], "texture": "#texture" },
				"north": { "uv": [ 6, 16, 0, 15 ], "texture": "#texture" },
				"south": { "uv": [ 0, 15, 6, 16 ], "texture": "#texture" },
				"west": { "uv": [ 0, 13, 1, 16 ], "texture": "#texture", "rotation": 90 },
				"east": { "uv": [ 0, 13, 1, 16 ], "texture": "#texture", "rotation": 270 }
			}
		},
		{
			"__comment": "Cube11",
			"from": [ 8, 6.5, 0.6875 ],
			"to": [ 12, 7.5607, 1.74816 ],
			"rotation": { "origin": [ 8, 6.5, 0.6875 ], "axis": "x", "angle": -45 },
			"faces": {
				"down": { "uv": [ 0, 15, 6, 16 ], "texture": "#texture" },
				"up": { "uv": [ 0, 15, 6, 16 ], "texture": "#texture" },
				"north": { "uv": [ 0, 13, 6, 16 ], "texture": "#texture" },
				"south": { "uv": [ 0, 13, 6, 16 ], "texture": "#texture" },
				"west": { "uv": [ 0, 13, 1, 16 ], "texture": "#texture" },
				"east": { "uv": [ 0, 13, 1, 16 ], "texture": "#texture" }
			}
		},
		{
			"__comment": "Cube11",
			"from": [ 8, 6.5, 0.6875 ],
			"to": [ 12, 9.5, 2.1875 ],
			"faces": {
				"down": { "uv": [ 0, 15, 6, 16 ], "texture": "#texture" },
				"up": { "uv": [ 0, 15, 6, 16 ], "texture": "#texture" },
				"north": { "uv": [ 0, 13, 6, 16 ], "texture": "#texture" },
				"south": { "uv": [ 0, 13, 6, 16 ], "texture": "#texture" },
				"west": { "uv": [ 0, 13, 1, 16 ], "texture": "#texture" },
				"east": { "uv": [ 0, 13, 1, 16 ], "texture": "#texture" }
			}
		},
		{
			"__comment": "Cube11",
			"from": [ 12, 7.218, 0.7834 ],
			"to": [ 12.5, 8.718, 2.2834 ],
			"rotation": { "origin": [ 12, 8, 1.5 ], "axis": "x", "angle": -22.5 },
			"faces": {
				"down": { "uv": [ 15, 14, 15.5, 15.5 ], "texture": "#texture" },
				"up": { "uv": [ 14, 14, 14.5, 15.5 ], "texture": "#texture" },
				"north": { "uv": [ 9, 14, 9.5, 15.5 ], "texture": "#texture" },
				"south": { "uv": [ 12, 13, 12.5, 14.5 ], "texture": "#texture" },
				"west": { "uv": [ 9, 12.5, 10.5, 14 ], "texture": "#texture" },
				"east": { "uv": [ 13, 14, 14.5, 15.5 ], "texture": "#texture" }
			}
		}
	],
	"display": {
		"thirdperson_righthand": {
			"rotation":  [ 42, -171, 3 ],
			"translation":  [ -2.78, 3.3043, -4.367 ],
			"scale":  [ 0.85, 0.85, 0.85 ]
		},
		"thirdperson_lefthand": {
			"rotation":  [ 42, -171, 3 ],
			"translation":  [ -2.78, 3.3043, -4.367 ],
			"scale":  [ -0.85, 0.85, 0.85 ]
		},
		"firstperson_righthand": {
			"rotation":  [ -1, 174, 6 ],
			"translation":  [ -2.15, 3.2, -0.956 ],
			"scale":  [ 0.68, 0.68, 0.68 ]
		},
		"firstperson_lefthand": {
			"rotation":  [ -1, -174, 6 ],
			"translation":  [ -2.15, 3.2, -0.956 ],
			"scale":  [ -0.68, 0.68, 0.68 ]
		},
		"gui": {
			"rotation":  [ 0, 90, 0 ],
			"translation":  [ 1, 0, 0 ],
			"scale":  [ 0.625, 0.625, 0.625 ]
		},
		"head": {
			"rotation":  [ 0, 180, 0 ],
			"translation":  [ 0, 11.13, -5.565 ],
			"scale":  [ 1.5, 1.5, 1.5 ]
		},
		"ground": {
			"translation":  [ 0, 2, 0 ],
			"scale":  [ 0.5, 0.5, 0.5 ]
		},
		"fixed": {
			"rotation":  [ 0, 90, 0 ],
			"translation":  [ 1, 0, 0 ]
		}
	}
}